/*
SQLyog Community v13.1.7 (64 bit)
MySQL - 5.7.24 : Database - framework
*********************************************************************
*/

/*!40101 SET NAMES utf8 */;

/*!40101 SET SQL_MODE=''*/;

/*!40014 SET @OLD_UNIQUE_CHECKS=@@UNIQUE_CHECKS, UNIQUE_CHECKS=0 */;
/*!40014 SET @OLD_FOREIGN_KEY_CHECKS=@@FOREIGN_KEY_CHECKS, FOREIGN_KEY_CHECKS=0 */;
/*!40101 SET @OLD_SQL_MODE=@@SQL_MODE, SQL_MODE='NO_AUTO_VALUE_ON_ZERO' */;
/*!40111 SET @OLD_SQL_NOTES=@@SQL_NOTES, SQL_NOTES=0 */;
/*Table structure for table `auth_groups` */

DROP TABLE IF EXISTS `auth_groups`;

CREATE TABLE `auth_groups` (
  `id` mediumint(8) unsigned NOT NULL AUTO_INCREMENT,
  `name` varchar(20) NOT NULL,
  `description` varchar(100) NOT NULL,
  PRIMARY KEY (`id`)
) ENGINE=InnoDB AUTO_INCREMENT=3 DEFAULT CHARSET=utf8;

/*Data for the table `auth_groups` */

insert  into `auth_groups`(`id`,`name`,`description`) values 
(1,'admin','Administrator'),
(2,'members','General User');

/*Table structure for table `auth_login_attempts` */

DROP TABLE IF EXISTS `auth_login_attempts`;

CREATE TABLE `auth_login_attempts` (
  `id` mediumint(8) unsigned NOT NULL AUTO_INCREMENT,
  `ip_address` varchar(45) NOT NULL,
  `login` varchar(100) DEFAULT NULL,
  `time` int(11) unsigned DEFAULT NULL,
  PRIMARY KEY (`id`)
) ENGINE=InnoDB DEFAULT CHARSET=utf8;

/*Data for the table `auth_login_attempts` */

/*Table structure for table `auth_users` */

DROP TABLE IF EXISTS `auth_users`;

CREATE TABLE `auth_users` (
  `id` mediumint(8) unsigned NOT NULL AUTO_INCREMENT,
  `ip_address` varchar(45) NOT NULL,
  `username` varchar(100) NOT NULL,
  `password` varchar(80) NOT NULL,
  `email` varchar(254) NOT NULL,
  `activation_selector` varchar(255) DEFAULT NULL,
  `activation_code` varchar(255) DEFAULT NULL,
  `forgotten_password_selector` varchar(255) DEFAULT NULL,
  `forgotten_password_code` varchar(255) DEFAULT NULL,
  `forgotten_password_time` int(11) unsigned DEFAULT NULL,
  `remember_selector` varchar(255) DEFAULT NULL,
  `remember_code` varchar(255) DEFAULT NULL,
  `created_on` int(11) unsigned NOT NULL,
  `last_login` int(11) unsigned DEFAULT NULL,
  `active` tinyint(1) unsigned DEFAULT NULL,
  `first_name` varchar(50) DEFAULT NULL,
  `last_name` varchar(50) DEFAULT NULL,
  `company` varchar(100) DEFAULT NULL,
  `phone` varchar(20) DEFAULT NULL,
  PRIMARY KEY (`id`),
  UNIQUE KEY `email` (`email`),
  UNIQUE KEY `activation_selector` (`activation_selector`),
  UNIQUE KEY `forgotten_password_selector` (`forgotten_password_selector`),
  UNIQUE KEY `remember_selector` (`remember_selector`)
) ENGINE=InnoDB AUTO_INCREMENT=6 DEFAULT CHARSET=utf8;

/*Data for the table `auth_users` */

insert  into `auth_users`(`id`,`ip_address`,`username`,`password`,`email`,`activation_selector`,`activation_code`,`forgotten_password_selector`,`forgotten_password_code`,`forgotten_password_time`,`remember_selector`,`remember_code`,`created_on`,`last_login`,`active`,`first_name`,`last_name`,`company`,`phone`) values 
(1,'127.0.0.1','teddcm','$2y$12$A3VX7cHwt6y/5T07MGpNIO8OaswCinLvaBLnISdIvu7fZJHWzMOWa','teddcm@gmail.com',NULL,'',NULL,NULL,NULL,NULL,NULL,1268889823,1611641298,1,'Teddy Cahyo Munanto','',NULL,'085640334455'),
(2,'::1','coba','$2y$10$ARdXsskJ8PGq/ToknNBT0eYpoDh57bnQbG8avL57bd0TTBLKkfB3K','coba@coba.com',NULL,NULL,NULL,NULL,NULL,NULL,NULL,1609065903,1609066378,1,'cobasaja',NULL,NULL,'00000000'),
(3,'::1','labiybah','$2y$12$jKbICby51aBVTv.giViSzeqfbNMKJdqxydBhI4M/aBOoOylxyuKzO','labiybah@oi.com',NULL,NULL,NULL,NULL,NULL,NULL,NULL,1609067382,NULL,1,'Labiybah',NULL,NULL,'00000'),
(5,'::1','alfatih','$2y$10$4XZqbudhy/.FW2cWSiAFfOq4nmJxOb6764SWiLWxA8XiFh6bPnOdC','alfatih@gmail.com',NULL,NULL,NULL,NULL,NULL,NULL,NULL,1609194934,NULL,1,'alfatih',NULL,NULL,'085640334455');

/*Table structure for table `auth_users_groups` */

DROP TABLE IF EXISTS `auth_users_groups`;

CREATE TABLE `auth_users_groups` (
  `id` mediumint(8) unsigned NOT NULL AUTO_INCREMENT,
  `user_id` mediumint(8) unsigned NOT NULL,
  `group_id` mediumint(8) unsigned NOT NULL,
  PRIMARY KEY (`id`),
  KEY `users_groups_user_id_foreign` (`user_id`),
  KEY `users_groups_group_id_foreign` (`group_id`),
  CONSTRAINT `users_groups_group_id_foreign` FOREIGN KEY (`group_id`) REFERENCES `auth_groups` (`id`) ON DELETE CASCADE ON UPDATE CASCADE,
  CONSTRAINT `users_groups_user_id_foreign` FOREIGN KEY (`user_id`) REFERENCES `auth_users` (`id`) ON DELETE CASCADE ON UPDATE CASCADE
) ENGINE=InnoDB AUTO_INCREMENT=25 DEFAULT CHARSET=utf8;

/*Data for the table `auth_users_groups` */

insert  into `auth_users_groups`(`id`,`user_id`,`group_id`) values 
(11,2,1),
(12,2,2),
(18,1,1),
(19,1,2),
(21,5,1),
(22,5,2),
(23,3,1),
(24,3,2);

/*Table structure for table `data_biaya` */

DROP TABLE IF EXISTS `data_biaya`;

CREATE TABLE `data_biaya` (
  `id_biaya` int(11) NOT NULL AUTO_INCREMENT,
  `kode_biaya` int(11) DEFAULT NULL COMMENT '1. uang harian\n2. uang hotel\n3. transportasi darat\n4. transportasi udara\n5. transportasi laut\n6. lain-lain',
  `rincian_biaya` varchar(255) DEFAULT NULL,
  `nominal_biaya` bigint(20) DEFAULT NULL,
  `keterangan_biaya` text,
  `id_tertugas` bigint(20) DEFAULT NULL,
  `id_st` bigint(20) DEFAULT NULL,
  `creator` int(4) DEFAULT NULL,
  PRIMARY KEY (`id_biaya`),
  KEY `fk_biaya_id_tertugas_idx` (`id_tertugas`),
  KEY `fk_data_biaya_data_st1_idx` (`id_st`),
  CONSTRAINT `fk_biaya_id_tertugas` FOREIGN KEY (`id_tertugas`) REFERENCES `data_tertugas` (`id_tertugas`) ON DELETE CASCADE ON UPDATE CASCADE,
  CONSTRAINT `fk_data_biaya_data_st1` FOREIGN KEY (`id_st`) REFERENCES `data_st` (`id_st`) ON DELETE CASCADE ON UPDATE CASCADE
) ENGINE=InnoDB AUTO_INCREMENT=49 DEFAULT CHARSET=latin1;

/*Data for the table `data_biaya` */

insert  into `data_biaya`(`id_biaya`,`kode_biaya`,`rincian_biaya`,`nominal_biaya`,`keterangan_biaya`,`id_tertugas`,`id_st`,`creator`) values 
(32,1,'Uang Harian (4 x 530000)',2120000,'',34,28,1),
(33,1,'Uang Harian (4 x 530000)',2120000,'',35,28,1),
(38,1,'Uang Harian (5 x 360.000)',1800000,'',40,33,1),
(39,2,'Uang Hotel (4 x 556.000)',2224000,'',40,33,1),
(40,1,'Uang Harian (4 x 370.000)',1480000,'',41,34,1),
(42,2,'Uang Hotel (3 x 450.000)',1350000,'',41,34,1),
(43,1,'Uang Harian (4 x 530.000)',2120000,'',32,28,1),
(44,2,'Uang Hotel (3 x 450.000)',1350000,'',32,28,1),
(46,4,'Tiket Pesawat PP Banjarbaru-Jakarta',2800000,'',32,28,1),
(47,3,'Taksi Bandara Jakarta ke Hotel',600000,'',32,28,1),
(48,3,'Taksi Bandara Banjarmasin ke Kanreg VIII BKN',110000,'',32,28,1);

/*Table structure for table `data_spd` */

DROP TABLE IF EXISTS `data_spd`;

CREATE TABLE `data_spd` (
  `id_spd` int(11) NOT NULL AUTO_INCREMENT,
  `nama_bendahara` varchar(100) DEFAULT NULL,
  `nip_bendahara` varchar(20) DEFAULT NULL,
  `nama_ppk` varchar(100) DEFAULT NULL,
  `nip_ppk` varchar(20) DEFAULT NULL,
  `tgl_spd` date DEFAULT NULL,
  `lokasi_spd` varchar(45) DEFAULT NULL,
  `tingkat_spd` varchar(2) DEFAULT NULL,
  `tgl_kuitansi` date DEFAULT NULL,
  `anggaran` varchar(100) DEFAULT NULL,
  `anggaran_instansi` varchar(100) DEFAULT NULL,
  `anggaran_akun` varchar(45) DEFAULT NULL,
  `id_st` bigint(20) DEFAULT NULL,
  `creator` int(10) DEFAULT NULL,
  `trans_darat` varchar(10) DEFAULT NULL,
  `trans_laut` varchar(10) DEFAULT NULL,
  `trans_udara` varchar(10) DEFAULT NULL,
  PRIMARY KEY (`id_spd`),
  KEY `fk_spd_id_st_idx` (`id_st`),
  CONSTRAINT `fk_spd_id_st` FOREIGN KEY (`id_st`) REFERENCES `data_st` (`id_st`) ON DELETE CASCADE ON UPDATE CASCADE
) ENGINE=InnoDB AUTO_INCREMENT=34 DEFAULT CHARSET=latin1;

/*Data for the table `data_spd` */

insert  into `data_spd`(`id_spd`,`nama_bendahara`,`nip_bendahara`,`nama_ppk`,`nip_ppk`,`tgl_spd`,`lokasi_spd`,`tingkat_spd`,`tgl_kuitansi`,`anggaran`,`anggaran_instansi`,`anggaran_akun`,`id_st`,`creator`,`trans_darat`,`trans_laut`,`trans_udara`) values 
(31,'SRIPAH, S.AP.','198207122006042001','DENY SETYAWAN, SE., M.M','198003272009121001','2021-01-18','Banjarbaru','C','2021-01-22','01.01.06.3658.001.051.Q.524111','KANTOR REGIONAL VIII BKN BANJARMASIN','524111',34,1,'1','0','0'),
(32,'SRIPAH, S.AP.','198207122006042001','DENY SETYAWAN, SE., M.M','198003272009121001','2021-01-21','Banjarbaru','C','2021-01-24','01.01.06.3658.001.051.Q.524111','KANTOR REGIONAL VIII BKN BANJARMASIN','524111',33,1,'1','0','0'),
(33,'SRIPAH, S.AP.','198207122006042001','DENY SETYAWAN, SE., M.M','198003272009121001','2021-01-09','Banjarbaru','C','2021-01-22','01.01.06.3658.001.051.Q.524111','KANTOR REGIONAL VIII BKN BANJARMASIN','524111',28,1,'1','0','0');

/*Table structure for table `data_st` */

DROP TABLE IF EXISTS `data_st`;

CREATE TABLE `data_st` (
  `id_st` bigint(20) NOT NULL AUTO_INCREMENT,
  `no_st` varchar(45) DEFAULT NULL,
  `urutan_st` int(5) DEFAULT NULL,
  `tgl_st` date DEFAULT NULL,
  `spesimen_st` varchar(50) DEFAULT NULL,
  `kegiatan_st` text,
  `creator` int(3) DEFAULT NULL,
  `created` datetime DEFAULT NULL,
  `updated` datetime DEFAULT NULL,
  `deleted` datetime DEFAULT NULL,
  `dasar_st` text,
  `peruntukan_st` text,
  `jabatan_spesimen` text,
  `nip_spesimen` varchar(20) DEFAULT NULL,
  `nama_spesimen` varchar(100) DEFAULT NULL,
  `kota_st` varchar(45) DEFAULT NULL,
  `header_st` text,
  `nama_dipa` varchar(255) DEFAULT NULL,
  `no_dipa` varchar(45) DEFAULT NULL,
  `tgl_dipa` date DEFAULT NULL,
  PRIMARY KEY (`id_st`)
) ENGINE=InnoDB AUTO_INCREMENT=35 DEFAULT CHARSET=latin1;

/*Data for the table `data_st` */

insert  into `data_st`(`id_st`,`no_st`,`urutan_st`,`tgl_st`,`spesimen_st`,`kegiatan_st`,`creator`,`created`,`updated`,`deleted`,`dasar_st`,`peruntukan_st`,`jabatan_spesimen`,`nip_spesimen`,`nama_spesimen`,`kota_st`,`header_st`,`nama_dipa`,`no_dipa`,`tgl_dipa`) values 
(28,'001/ST/K/KR.VIII/I/2021',1,'2021-01-10',NULL,'perjalanan dinas membantu pak jokowi ',1,'2021-01-03 16:52:51','2021-01-10 17:52:50',NULL,'Undang-undang Nomor 17 Tahun 2003 tanggal 05 April 2003 Tentang Keuangan Negara;\r\nUndang-undang Nomor 1 Tahun 2004 tanggal 14 Januari 2004 Tentang Perbendaharaan Negara;\r\nPeraturan Kepala Badan Kepegawaian Negara Nomor 36 Tahun 2014 tanggal 28 November  2014 tentang Organisasi dan Tata Kerja Kantor Regional Badan Kepegawaian Negara;\r\nKeputusan Pengguna Anggaran Badan Kepegawaian Negara Nomor:63.3/KEP/2019 Tanggal 01 Maret 2019 tentang Penggantian Pejabat Kuasa Pengguna Anggaran/ Barang pada Kantor Regional VIII Badan Kepegawaian Negara;\r\n%%nama_dipa%% Nomor: %%no_dipa%%  tanggal %%tgl_dipa%%;\r\nSurat Sekretaris Utama Badan Kepegawaian Negara Nomor 71/UND/RORENO/XI/2020 tanggal 16 Nopember 2020 tentang Rapat Monitoring dan Evaluasi Triwulan III dan Perkiraan Capaian Triwulan IV Tahun 2020.','Melakukan perjalanan dinas dalam rangka %%kegiatan_st%% yang dilaksanakan pada tanggal <b>%%periode_st%%</b>, bertempat di <b>%%lokasi_st%%</b>;\r\nSegala biaya yang diperlukan sebagai akibat dari dikeluarkannya surat tugas ini dibebankan pada %%nama_dipa%% Nomor:  %%no_dipa%% tanggal %%tgl_dipa%%;\r\nMelaporkan hasil pelaksanaan tugas kepada Kepala Kantor Regional VIII BKN atau Pejabat yang ditunjuk;\r\nMelaksanakan tugas ini dengan seksama dan penuh rasa tanggung jawab.','KEPALA\r\nKANTOR REGIONAL VIII\r\nBADAN KEPEGAWAIAN NEGARA','199003192015031003','Ramdhani','Banjarbaru','KANTOR REGIONAL VIII\r\nBADAN KEPEGAWAIAN NEGARA','DIPA Kantor Regional VIII BKN Banjarmasin Tahun 2020','SP DIPA - 088.01.2.622386/2020','2019-11-12'),
(33,'002/ST/K/KR.VIII/I/2021',2,'2021-01-19',NULL,'Berjalan',1,'2021-01-03 16:52:51','2021-01-19 07:01:46',NULL,'Undang-undang Nomor 17 Tahun 2003 tanggal 05 April 2003 Tentang Keuangan Negara;\r\nUndang-undang Nomor 1 Tahun 2004 tanggal 14 Januari 2004 Tentang Perbendaharaan Negara;\r\nPeraturan Kepala Badan Kepegawaian Negara Nomor 36 Tahun 2014 tanggal 28 November  2014 tentang Organisasi dan Tata Kerja Kantor Regional Badan Kepegawaian Negara;\r\nKeputusan Pengguna Anggaran Badan Kepegawaian Negara Nomor:63.3/KEP/2019 Tanggal 01 Maret 2019 tentang Penggantian Pejabat Kuasa Pengguna Anggaran/ Barang pada Kantor Regional VIII Badan Kepegawaian Negara;\r\n%%nama_dipa%% Nomor: %%no_dipa%%  tanggal %%tgl_dipa%%;\r\nSurat Sekretaris Utama Badan Kepegawaian Negara Nomor 71/UND/RORENO/XI/2020 tanggal 16 Nopember 2020 tentang Rapat Monitoring dan Evaluasi Triwulan III dan Perkiraan Capaian Triwulan IV Tahun 2020.','Melakukan perjalanan dinas dalam rangka %%kegiatan_st%% yang dilaksanakan pada tanggal <b>%%periode_st%%</b>, bertempat di <b>%%lokasi_st%%</b>;\r\nSegala biaya yang diperlukan sebagai akibat dari dikeluarkannya surat tugas ini dibebankan pada %%nama_dipa%% Nomor:  %%no_dipa%% tanggal %%tgl_dipa%%;\r\nMelaporkan hasil pelaksanaan tugas kepada Kepala Kantor Regional VIII BKN atau Pejabat yang ditunjuk;\r\nMelaksanakan tugas ini dengan seksama dan penuh rasa tanggung jawab.','KEPALA\r\nKANTOR REGIONAL VIII\r\nBADAN KEPEGAWAIAN NEGARA','199003192015031003','Ramdhani','Banjarbaru','KANTOR REGIONAL VIII\r\nBADAN KEPEGAWAIAN NEGARA','DIPA Kantor Regional VIII BKN Banjarmasin Tahun 2020','SP DIPA - 088.01.2.622386/2020','2019-11-12'),
(34,'003/ST/K/KR.VIII/I/2021',3,'2021-01-22',NULL,'Pelaksanaan Kegiatan Seleksi Kompetensi Bidang (SKB) Calon Pegawai Negeri Sipil (CPNS) Tahun Anggaran 2021',1,'2021-01-03 16:52:51','2021-01-22 08:27:19',NULL,'Undang-undang Nomor 17 Tahun 2003 tanggal 05 April 2003 Tentang Keuangan Negara;\r\nUndang-undang Nomor 1 Tahun 2004 tanggal 14 Januari 2004 Tentang Perbendaharaan Negara;\r\nPeraturan Kepala Badan Kepegawaian Negara Nomor 36 Tahun 2014 tanggal 28 November  2014 tentang Organisasi dan Tata Kerja Kantor Regional Badan Kepegawaian Negara;\r\nKeputusan Pengguna Anggaran Badan Kepegawaian Negara Nomor:63.3/KEP/2019 Tanggal 01 Maret 2019 tentang Penggantian Pejabat Kuasa Pengguna Anggaran/ Barang pada Kantor Regional VIII Badan Kepegawaian Negara;\r\n%%nama_dipa%% Nomor: %%no_dipa%%  tanggal %%tgl_dipa%%;\r\nSurat Sekretaris Utama Badan Kepegawaian Negara Nomor 71/UND/RORENO/XI/2020 tanggal 16 Nopember 2020 tentang Rapat Monitoring dan Evaluasi Triwulan III dan Perkiraan Capaian Triwulan IV Tahun 2020.','Melakukan perjalanan dinas dalam rangka %%kegiatan_st%% yang dilaksanakan pada tanggal <b>%%periode_st%%</b>, bertempat di <b>%%lokasi_st%%</b>;\r\nSegala biaya yang diperlukan sebagai akibat dari dikeluarkannya surat tugas ini dibebankan pada %%nama_dipa%% Nomor:  %%no_dipa%% tanggal %%tgl_dipa%%;\r\nMelaporkan hasil pelaksanaan tugas kepada Kepala Kantor Regional VIII BKN atau Pejabat yang ditunjuk;\r\nMelaksanakan tugas ini dengan seksama dan penuh rasa tanggung jawab.','KEPALA\r\nKANTOR REGIONAL VIII\r\nBADAN KEPEGAWAIAN NEGARA','199003192015031003','Ramdhani','Banjarbaru','KANTOR REGIONAL VIII\r\nBADAN KEPEGAWAIAN NEGARA','DIPA Kantor Regional VIII BKN Banjarmasin Tahun 2020','SP DIPA - 088.01.2.622386/2020','2019-11-12');

/*Table structure for table `data_tertugas` */

DROP TABLE IF EXISTS `data_tertugas`;

CREATE TABLE `data_tertugas` (
  `id_tertugas` bigint(20) NOT NULL AUTO_INCREMENT,
  `nip_pegawai` varchar(45) DEFAULT NULL,
  `id_tujuan` bigint(20) DEFAULT NULL,
  `id_st` bigint(20) DEFAULT NULL,
  `kota_asal` varchar(100) DEFAULT 'Banjarbaru',
  PRIMARY KEY (`id_tertugas`),
  KEY `fk1_tujuan_idx` (`id_tujuan`),
  KEY `fk1_st_idx` (`id_st`),
  KEY `fk1_pegawai_idx` (`nip_pegawai`),
  CONSTRAINT `fk1_pegawai` FOREIGN KEY (`nip_pegawai`) REFERENCES `tabel_pegawai` (`nipBaru`) ON DELETE CASCADE ON UPDATE CASCADE,
  CONSTRAINT `fk1_st` FOREIGN KEY (`id_st`) REFERENCES `data_st` (`id_st`) ON DELETE CASCADE ON UPDATE CASCADE,
  CONSTRAINT `fk1_tujuan` FOREIGN KEY (`id_tujuan`) REFERENCES `data_tujuan` (`id_tujuan`) ON DELETE CASCADE ON UPDATE CASCADE
) ENGINE=InnoDB AUTO_INCREMENT=42 DEFAULT CHARSET=latin1;

/*Data for the table `data_tertugas` */

insert  into `data_tertugas`(`id_tertugas`,`nip_pegawai`,`id_tujuan`,`id_st`,`kota_asal`) values 
(32,'199003192015031003',23,28,'Banjarbaru'),
(34,'198511072015031001',23,28,'Banjarbaru'),
(35,'198402042015032002',23,28,'Banjarbaru'),
(40,'198511072015031001',27,33,'Banjarbaru'),
(41,'197401302005022001',28,34,'Banjarbaru');

/*Table structure for table `data_tujuan` */

DROP TABLE IF EXISTS `data_tujuan`;

CREATE TABLE `data_tujuan` (
  `id_tujuan` bigint(20) NOT NULL AUTO_INCREMENT,
  `detail_tujuan` mediumtext,
  `id_kabkota` varchar(50) DEFAULT NULL,
  `id_st` bigint(20) DEFAULT NULL,
  `tgl_awal` date DEFAULT NULL,
  `tgl_akhir` date DEFAULT NULL,
  PRIMARY KEY (`id_tujuan`),
  KEY `fk_id_kabkota_idx` (`id_kabkota`),
  KEY `fk_id_st_idx` (`id_st`),
  CONSTRAINT `fk_id_kabkota` FOREIGN KEY (`id_kabkota`) REFERENCES `tabel_kabkota` (`id_kabkota`) ON DELETE CASCADE ON UPDATE CASCADE,
  CONSTRAINT `fk_id_st` FOREIGN KEY (`id_st`) REFERENCES `data_st` (`id_st`) ON DELETE CASCADE ON UPDATE CASCADE
) ENGINE=InnoDB AUTO_INCREMENT=30 DEFAULT CHARSET=latin1;

/*Data for the table `data_tujuan` */

insert  into `data_tujuan`(`id_tujuan`,`detail_tujuan`,`id_kabkota`,`id_st`,`tgl_awal`,`tgl_akhir`) values 
(23,'Istana Presiden','3173',28,'2021-01-08','2021-01-11'),
(27,'Aceh','1104',33,'2021-01-11','2021-01-15'),
(28,'Kantor Gubernur Jawa Tengah','3326',34,'2021-01-14','2021-01-17'),
(29,'Masjid Agung Jawa Tengah\r\nJalan Gajah Raya Nomor 1','3322',34,'2021-01-18','2021-01-20');

/*Table structure for table `log` */

DROP TABLE IF EXISTS `log`;

CREATE TABLE `log` (
  `id` bigint(20) NOT NULL AUTO_INCREMENT,
  `log_user` int(3) DEFAULT NULL,
  `log_jenis` varchar(45) DEFAULT NULL,
  `log_detail` text,
  `log_datetime` datetime DEFAULT NULL,
  PRIMARY KEY (`id`)
) ENGINE=InnoDB AUTO_INCREMENT=5 DEFAULT CHARSET=latin1;

/*Data for the table `log` */

insert  into `log`(`id`,`log_user`,`log_jenis`,`log_detail`,`log_datetime`) values 
(1,1,'coba','login','2021-01-02 12:30:54'),
(2,1,'coba','login','2021-01-02 13:30:17'),
(3,1,'coba','login','2021-01-02 13:30:39'),
(4,1,'coba','login','2021-01-02 13:31:26');

/*Table structure for table `referensi_spd` */

DROP TABLE IF EXISTS `referensi_spd`;

CREATE TABLE `referensi_spd` (
  `id_spd` int(11) NOT NULL AUTO_INCREMENT,
  `nama_bendahara` varchar(100) DEFAULT NULL,
  `nip_bendahara` varchar(20) DEFAULT NULL,
  `nama_ppk` varchar(100) DEFAULT NULL,
  `nip_ppk` varchar(20) DEFAULT NULL,
  `lokasi_spd` varchar(45) DEFAULT NULL,
  `anggaran` varchar(100) DEFAULT NULL,
  `anggaran_instansi` varchar(100) DEFAULT NULL,
  `anggaran_akun` varchar(45) DEFAULT NULL,
  `tingkat_spd` varchar(2) DEFAULT NULL,
  PRIMARY KEY (`id_spd`)
) ENGINE=InnoDB AUTO_INCREMENT=2 DEFAULT CHARSET=latin1;

/*Data for the table `referensi_spd` */

insert  into `referensi_spd`(`id_spd`,`nama_bendahara`,`nip_bendahara`,`nama_ppk`,`nip_ppk`,`lokasi_spd`,`anggaran`,`anggaran_instansi`,`anggaran_akun`,`tingkat_spd`) values 
(1,'SRIPAH, S.AP.','198207122006042001','DENY SETYAWAN, SE., M.M','198003272009121001','Banjarbaru','01.01.06.3658.001.051.Q.524111','KANTOR REGIONAL VIII BKN BANJARMASIN','524111','C');

/*Table structure for table `referensi_st` */

DROP TABLE IF EXISTS `referensi_st`;

CREATE TABLE `referensi_st` (
  `id_st` int(2) DEFAULT NULL,
  `created` datetime DEFAULT NULL,
  `updated` datetime DEFAULT NULL,
  `deleted` datetime DEFAULT NULL,
  `dasar_st` text,
  `peruntukan_st` text,
  `jabatan_spesimen` text,
  `nip_spesimen` varchar(20) DEFAULT NULL,
  `nama_spesimen` varchar(100) DEFAULT NULL,
  `kota_st` varchar(45) DEFAULT NULL,
  `header_st` text,
  `nama_dipa` varchar(255) DEFAULT NULL,
  `no_dipa` varchar(45) DEFAULT NULL,
  `tgl_dipa` date DEFAULT NULL
) ENGINE=InnoDB DEFAULT CHARSET=latin1;

/*Data for the table `referensi_st` */

insert  into `referensi_st`(`id_st`,`created`,`updated`,`deleted`,`dasar_st`,`peruntukan_st`,`jabatan_spesimen`,`nip_spesimen`,`nama_spesimen`,`kota_st`,`header_st`,`nama_dipa`,`no_dipa`,`tgl_dipa`) values 
(1,'2021-01-03 16:52:51','2021-01-04 10:02:03',NULL,'Undang-undang Nomor 17 Tahun 2003 tanggal 05 April 2003 Tentang Keuangan Negara;\r\nUndang-undang Nomor 1 Tahun 2004 tanggal 14 Januari 2004 Tentang Perbendaharaan Negara;\r\nPeraturan Kepala Badan Kepegawaian Negara Nomor 36 Tahun 2014 tanggal 28 November  2014 tentang Organisasi dan Tata Kerja Kantor Regional Badan Kepegawaian Negara;\r\nKeputusan Pengguna Anggaran Badan Kepegawaian Negara Nomor:63.3/KEP/2019 Tanggal 01 Maret 2019 tentang Penggantian Pejabat Kuasa Pengguna Anggaran/ Barang pada Kantor Regional VIII Badan Kepegawaian Negara;\r\n%%nama_dipa%% Nomor: %%no_dipa%%  tanggal %%tgl_dipa%%;\r\nSurat Sekretaris Utama Badan Kepegawaian Negara Nomor 71/UND/RORENO/XI/2020 tanggal 16 Nopember 2020 tentang Rapat Monitoring dan Evaluasi Triwulan III dan Perkiraan Capaian Triwulan IV Tahun 2020.','Melakukan perjalanan dinas dalam rangka %%kegiatan_st%% yang dilaksanakan pada tanggal <b>%%periode_st%%</b>, bertempat di <b>%%lokasi_st%%</b>;\r\nSegala biaya yang diperlukan sebagai akibat dari dikeluarkannya surat tugas ini dibebankan pada %%nama_dipa%% Nomor:  %%no_dipa%% tanggal %%tgl_dipa%%;\r\nMelaporkan hasil pelaksanaan tugas kepada Kepala Kantor Regional VIII BKN atau Pejabat yang ditunjuk;\r\nMelaksanakan tugas ini dengan seksama dan penuh rasa tanggung jawab.','KEPALA\r\nKANTOR REGIONAL VIII\r\nBADAN KEPEGAWAIAN NEGARA','199003192015031003','Ramdhani','Banjarbaru','KANTOR REGIONAL VIII\r\nBADAN KEPEGAWAIAN NEGARA','DIPA Kantor Regional VIII BKN Banjarmasin Tahun 2020','SP DIPA - 088.01.2.622386/2020','2019-11-12');

/*Table structure for table `tabel_kabkota` */

DROP TABLE IF EXISTS `tabel_kabkota`;

CREATE TABLE `tabel_kabkota` (
  `id_kabkota` varchar(10) NOT NULL,
  `nama_kabkota` varchar(50) DEFAULT NULL,
  `id_prov` varchar(50) DEFAULT NULL,
  PRIMARY KEY (`id_kabkota`),
  KEY `id_prov_idx` (`id_prov`),
  CONSTRAINT `fk_id_prov` FOREIGN KEY (`id_prov`) REFERENCES `tabel_prov` (`id_prov`) ON DELETE CASCADE ON UPDATE CASCADE
) ENGINE=InnoDB DEFAULT CHARSET=latin1;

/*Data for the table `tabel_kabkota` */

insert  into `tabel_kabkota`(`id_kabkota`,`nama_kabkota`,`id_prov`) values 
('1101','Simeulue','11'),
('1102','Aceh Singkil','11'),
('1103','Aceh Selatan','11'),
('1104','Aceh Tenggara','11'),
('1105','Aceh Timur','11'),
('1106','Aceh Tengah','11'),
('1107','Aceh Barat','11'),
('1108','Aceh Besar','11'),
('1109','Pidie','11'),
('1110','Bireuen','11'),
('1111','Aceh Utara','11'),
('1112','Aceh Barat Daya','11'),
('1113','Gayo Lues','11'),
('1114','Aceh Tamiang','11'),
('1115','Nagan Raya','11'),
('1116','Aceh Jaya','11'),
('1117','Bener Meriah','11'),
('1118','Pidie Jaya','11'),
('1171','Banda Aceh','11'),
('1172','Sabang','11'),
('1173','Langsa','11'),
('1174','Lhokseumawe','11'),
('1175','Subulussalam','11'),
('1201','Nias','12'),
('1202','Mandailing Natal','12'),
('1203','Tapanuli Selatan','12'),
('1204','Tapanuli Tengah','12'),
('1205','Tapanuli Utara','12'),
('1206','Toba Samosir','12'),
('1207','Labuhan Batu','12'),
('1208','Asahan','12'),
('1209','Simalungun','12'),
('1210','Dairi','12'),
('1211','Karo','12'),
('1212','Deli Serdang','12'),
('1213','Langkat','12'),
('1214','Nias Selatan','12'),
('1215','Humbang Hasundutan','12'),
('1216','Pakpak Bharat','12'),
('1217','Samosir','12'),
('1218','Serdang Bedagai','12'),
('1219','Batu Bara','12'),
('1220','Padang Lawas Utara','12'),
('1221','Padang Lawas','12'),
('1222','Labuhan Batu Selatan','12'),
('1223','Labuhan Batu Utara','12'),
('1224','Nias Utara','12'),
('1225','Nias Barat','12'),
('1271','Sibolga','12'),
('1272','Tanjung Balai','12'),
('1273','Pematang Siantar','12'),
('1274','Tebing Tinggi','12'),
('1275','Medan','12'),
('1276','Binjai','12'),
('1277','Padangsidimpuan','12'),
('1278','Gunungsitoli','12'),
('1301','Kepulauan Mentawai','13'),
('1302','Pesisir Selatan','13'),
('1303','Solok','13'),
('1304','Sijunjung','13'),
('1305','Tanah Datar','13'),
('1306','Padang Pariaman','13'),
('1307','Agam','13'),
('1308','Lima Puluh Kota','13'),
('1309','Pasaman','13'),
('1310','Solok Selatan','13'),
('1311','Dharmasraya','13'),
('1312','Pasaman Barat','13'),
('1371','Padang','13'),
('1372','Solok','13'),
('1373','Sawah Lunto','13'),
('1374','Padang Panjang','13'),
('1375','Bukittinggi','13'),
('1376','Payakumbuh','13'),
('1377','Pariaman','13'),
('1401','Kuantan Singingi','14'),
('1402','Indragiri Hulu','14'),
('1403','Indragiri Hilir','14'),
('1404','Pelalawan','14'),
('1405','Siak','14'),
('1406','Kampar','14'),
('1407','Rokan Hulu','14'),
('1408','Bengkalis','14'),
('1409','Rokan Hilir','14'),
('1410','Kepulauan Meranti','14'),
('1471','Pekanbaru','14'),
('1473','Dumai','14'),
('1501','Kerinci','15'),
('1502','Merangin','15'),
('1503','Sarolangun','15'),
('1504','Batang Hari','15'),
('1505','Muaro Jambi','15'),
('1506','Tanjung Jabung Timur','15'),
('1507','Tanjung Jabung Barat','15'),
('1508','Tebo','15'),
('1509','Bungo','15'),
('1571','Jambi','15'),
('1572','Sungai Penuh','15'),
('1601','Ogan Komering Ulu','16'),
('1602','Ogan Komering Ilir','16'),
('1603','Muara Enim','16'),
('1604','Lahat','16'),
('1605','Musi Rawas','16'),
('1606','Musi Banyuasin','16'),
('1607','Banyu Asin','16'),
('1608','Ogan Komering Ulu Selatan','16'),
('1609','Ogan Komering Ulu Timur','16'),
('1610','Ogan Ilir','16'),
('1611','Empat Lawang','16'),
('1612','Penukal Abab Lematang Ilir','16'),
('1613','Musi Rawas Utara','16'),
('1671','Palembang','16'),
('1672','Prabumulih','16'),
('1673','Pagar Alam','16'),
('1674','Lubuklinggau','16'),
('1701','Bengkulu Selatan','17'),
('1702','Rejang Lebong','17'),
('1703','Bengkulu Utara','17'),
('1704','Kaur','17'),
('1705','Seluma','17'),
('1706','Mukomuko','17'),
('1707','Lebong','17'),
('1708','Kepahiang','17'),
('1709','Bengkulu Tengah','17'),
('1771','Bengkulu','17'),
('1801','Lampung Barat','18'),
('1802','Tanggamus','18'),
('1803','Lampung Selatan','18'),
('1804','Lampung Timur','18'),
('1805','Lampung Tengah','18'),
('1806','Lampung Utara','18'),
('1807','Way Kanan','18'),
('1808','Tulangbawang','18'),
('1809','Pesawaran','18'),
('1810','Pringsewu','18'),
('1811','Mesuji','18'),
('1812','Tulang Bawang Barat','18'),
('1813','Pesisir Barat','18'),
('1871','Bandar Lampung','18'),
('1872','Metro','18'),
('1901','Bangka','19'),
('1902','Belitung','19'),
('1903','Bangka Barat','19'),
('1904','Bangka Tengah','19'),
('1905','Bangka Selatan','19'),
('1906','Belitung Timur','19'),
('1971','Pangkal Pinang','19'),
('2101','Karimun','21'),
('2102','Bintan','21'),
('2103','Natuna','21'),
('2104','Lingga','21'),
('2105','Kepulauan Anambas','21'),
('2171','Batam','21'),
('2172','Tanjung Pinang','21'),
('3101','Kepulauan Seribu','31'),
('3171','Jakarta Selatan','31'),
('3172','Jakarta Timur','31'),
('3173','Jakarta Pusat','31'),
('3174','Jakarta Barat','31'),
('3175','Jakarta Utara','31'),
('3201','Bogor','32'),
('3202','Sukabumi','32'),
('3203','Cianjur','32'),
('3204','Bandung','32'),
('3205','Garut','32'),
('3206','Tasikmalaya','32'),
('3207','Ciamis','32'),
('3208','Kuningan','32'),
('3209','Cirebon','32'),
('3210','Majalengka','32'),
('3211','Sumedang','32'),
('3212','Indramayu','32'),
('3213','Subang','32'),
('3214','Purwakarta','32'),
('3215','Karawang','32'),
('3216','Bekasi','32'),
('3217','Bandung Barat','32'),
('3218','Pangandaran','32'),
('3271','Bogor','32'),
('3272','Sukabumi','32'),
('3273','Bandung','32'),
('3274','Cirebon','32'),
('3275','Bekasi','32'),
('3276','Depok','32'),
('3277','Cimahi','32'),
('3278','Tasikmalaya','32'),
('3279','Banjar','32'),
('3301','Cilacap','33'),
('3302','Banyumas','33'),
('3303','Purbalingga','33'),
('3304','Banjarnegara','33'),
('3305','Kebumen','33'),
('3306','Purworejo','33'),
('3307','Wonosobo','33'),
('3308','Magelang','33'),
('3309','Boyolali','33'),
('3310','Klaten','33'),
('3311','Sukoharjo','33'),
('3312','Wonogiri','33'),
('3313','Karanganyar','33'),
('3314','Sragen','33'),
('3315','Grobogan','33'),
('3316','Blora','33'),
('3317','Rembang','33'),
('3318','Pati','33'),
('3319','Kudus','33'),
('3320','Jepara','33'),
('3321','Demak','33'),
('3322','Semarang','33'),
('3323','Temanggung','33'),
('3324','Kendal','33'),
('3325','Batang','33'),
('3326','Pekalongan','33'),
('3327','Pemalang','33'),
('3328','Tegal','33'),
('3329','Brebes','33'),
('3371','Magelang','33'),
('3372','Surakarta','33'),
('3373','Salatiga','33'),
('3374','Semarang','33'),
('3375','Pekalongan','33'),
('3376','Tegal','33'),
('3401','Kulon Progo','34'),
('3402','Bantul','34'),
('3403','Gunung Kidul','34'),
('3404','Sleman','34'),
('3471','Yogyakarta','34'),
('3501','Pacitan','35'),
('3502','Ponorogo','35'),
('3503','Trenggalek','35'),
('3504','Tulungagung','35'),
('3505','Blitar','35'),
('3506','Kediri','35'),
('3507','Malang','35'),
('3508','Lumajang','35'),
('3509','Jember','35'),
('3510','Banyuwangi','35'),
('3511','Bondowoso','35'),
('3512','Situbondo','35'),
('3513','Probolinggo','35'),
('3514','Pasuruan','35'),
('3515','Sidoarjo','35'),
('3516','Mojokerto','35'),
('3517','Jombang','35'),
('3518','Nganjuk','35'),
('3519','Madiun','35'),
('3520','Magetan','35'),
('3521','Ngawi','35'),
('3522','Bojonegoro','35'),
('3523','Tuban','35'),
('3524','Lamongan','35'),
('3525','Gresik','35'),
('3526','Bangkalan','35'),
('3527','Sampang','35'),
('3528','Pamekasan','35'),
('3529','Sumenep','35'),
('3571','Kediri','35'),
('3572','Blitar','35'),
('3573','Malang','35'),
('3574','Probolinggo','35'),
('3575','Pasuruan','35'),
('3576','Mojokerto','35'),
('3577','Madiun','35'),
('3578','Surabaya','35'),
('3579','Batu','35'),
('3601','Pandeglang','36'),
('3602','Lebak','36'),
('3603','Tangerang','36'),
('3604','Serang','36'),
('3671','Tangerang','36'),
('3672','Cilegon','36'),
('3673','Serang','36'),
('3674','Tangerang Selatan','36'),
('5101','Jembrana','51'),
('5102','Tabanan','51'),
('5103','Badung','51'),
('5104','Gianyar','51'),
('5105','Klungkung','51'),
('5106','Bangli','51'),
('5107','Karang Asem','51'),
('5108','Buleleng','51'),
('5171','Denpasar','51'),
('5201','Lombok Barat','52'),
('5202','Lombok Tengah','52'),
('5203','Lombok Timur','52'),
('5204','Sumbawa','52'),
('5205','Dompu','52'),
('5206','Bima','52'),
('5207','Sumbawa Barat','52'),
('5208','Lombok Utara','52'),
('5271','Mataram','52'),
('5272','Bima','52'),
('5301','Sumba Barat','53'),
('5302','Sumba Timur','53'),
('5303','Kupang','53'),
('5304','Timor Tengah Selatan','53'),
('5305','Timor Tengah Utara','53'),
('5306','Belu','53'),
('5307','Alor','53'),
('5308','Lembata','53'),
('5309','Flores Timur','53'),
('5310','Sikka','53'),
('5311','Ende','53'),
('5312','Ngada','53'),
('5313','Manggarai','53'),
('5314','Rote Ndao','53'),
('5315','Manggarai Barat','53'),
('5316','Sumba Tengah','53'),
('5317','Sumba Barat Daya','53'),
('5318','Nagekeo','53'),
('5319','Manggarai Timur','53'),
('5320','Sabu Raijua','53'),
('5321','Malaka','53'),
('5371','Kupang','53'),
('6101','Sambas','61'),
('6102','Bengkayang','61'),
('6103','Landak','61'),
('6104','Mempawah','61'),
('6105','Sanggau','61'),
('6106','Ketapang','61'),
('6107','Sintang','61'),
('6108','Kapuas Hulu','61'),
('6109','Sekadau','61'),
('6110','Melawi','61'),
('6111','Kayong Utara','61'),
('6112','Kubu Raya','61'),
('6171','Pontianak','61'),
('6172','Singkawang','61'),
('6201','Kotawaringin Barat','62'),
('6202','Kotawaringin Timur','62'),
('6203','Kapuas','62'),
('6204','Barito Selatan','62'),
('6205','Barito Utara','62'),
('6206','Sukamara','62'),
('6207','Lamandau','62'),
('6208','Seruyan','62'),
('6209','Katingan','62'),
('6210','Pulang Pisau','62'),
('6211','Gunung Mas','62'),
('6212','Barito Timur','62'),
('6213','Murung Raya','62'),
('6271','Palangka Raya','62'),
('6301','Tanah Laut','63'),
('6302','Kotabaru','63'),
('6303','Banjar','63'),
('6304','Barito Kuala','63'),
('6305','Tapin','63'),
('6306','Hulu Sungai Selatan','63'),
('6307','Hulu Sungai Tengah','63'),
('6308','Hulu Sungai Utara','63'),
('6309','Tabalong','63'),
('6310','Tanah Bumbu','63'),
('6311','Balangan','63'),
('6371','Banjarmasin','63'),
('6372','Banjarbaru','63'),
('6401','Paser','64'),
('6402','Kutai Barat','64'),
('6403','Kutai Kartanegara','64'),
('6404','Kutai Timur','64'),
('6405','Berau','64'),
('6409','Penajam Paser Utara','64'),
('6411','Mahakam Hulu','64'),
('6471','Balikpapan','64'),
('6472','Samarinda','64'),
('6474','Bontang','64'),
('6501','Malinau','65'),
('6502','Bulungan','65'),
('6503','Tana Tidung','65'),
('6504','Nunukan','65'),
('6571','Tarakan','65'),
('7101','Bolaang Mongondow','71'),
('7102','Minahasa','71'),
('7103','Kepulauan Sangihe','71'),
('7104','Kepulauan Talaud','71'),
('7105','Minahasa Selatan','71'),
('7106','Minahasa Utara','71'),
('7107','Bolaang Mongondow Utara','71'),
('7108','Siau Tagulandang Biaro','71'),
('7109','Minahasa Tenggara','71'),
('7110','Bolaang Mongondow Selatan','71'),
('7111','Bolaang Mongondow Timur','71'),
('7171','Manado','71'),
('7172','Bitung','71'),
('7173','Tomohon','71'),
('7174','Kotamobagu','71'),
('7201','Banggai Kepulauan','72'),
('7202','Banggai','72'),
('7203','Morowali','72'),
('7204','Poso','72'),
('7205','Donggala','72'),
('7206','Toli-Toli','72'),
('7207','Buol','72'),
('7208','Parigi Moutong','72'),
('7209','Tojo Una-Una','72'),
('7210','Sigi','72'),
('7211','Banggai Laut','72'),
('7212','Morowali Utara','72'),
('7271','Palu','72'),
('7301','Kepulauan Selayar','73'),
('7302','Bulukumba','73'),
('7303','Bantaeng','73'),
('7304','Jeneponto','73'),
('7305','Takalar','73'),
('7306','Gowa','73'),
('7307','Sinjai','73'),
('7308','Maros','73'),
('7309','Pangkajene Dan Kepulauan','73'),
('7310','Barru','73'),
('7311','Bone','73'),
('7312','Soppeng','73'),
('7313','Wajo','73'),
('7314','Sidenreng Rappang','73'),
('7315','Pinrang','73'),
('7316','Enrekang','73'),
('7317','Luwu','73'),
('7318','Tana Toraja','73'),
('7322','Luwu Utara','73'),
('7325','Luwu Timur','73'),
('7326','Toraja Utara','73'),
('7371','Makassar','73'),
('7372','Parepare','73'),
('7373','Palopo','73'),
('7401','Buton','74'),
('7402','Muna','74'),
('7403','Konawe','74'),
('7404','Kolaka','74'),
('7405','Konawe Selatan','74'),
('7406','Bombana','74'),
('7407','Wakatobi','74'),
('7408','Kolaka Utara','74'),
('7409','Buton Utara','74'),
('7410','Konawe Utara','74'),
('7411','Kolaka Timur','74'),
('7412','Konawe Kepulauan','74'),
('7413','Muna Barat','74'),
('7414','Buton Tengah','74'),
('7415','Buton Selatan','74'),
('7471','Kendari','74'),
('7472','Baubau','74'),
('7501','Boalemo','75'),
('7502','Gorontalo','75'),
('7503','Pohuwato','75'),
('7504','Bone Bolango','75'),
('7505','Gorontalo Utara','75'),
('7571','Gorontalo','75'),
('7601','Majene','76'),
('7602','Polewali Mandar','76'),
('7603','Mamasa','76'),
('7604','Mamuju','76'),
('7605','Mamuju Utara','76'),
('7606','Mamuju Tengah','76'),
('8101','Maluku Tenggara Barat','81'),
('8102','Maluku Tenggara','81'),
('8103','Maluku Tengah','81'),
('8104','Buru','81'),
('8105','Kepulauan Aru','81'),
('8106','Seram Bagian Barat','81'),
('8107','Seram Bagian Timur','81'),
('8108','Maluku Barat Daya','81'),
('8109','Buru Selatan','81'),
('8171','Ambon','81'),
('8172','Tual','81'),
('8201','Halmahera Barat','82'),
('8202','Halmahera Tengah','82'),
('8203','Kepulauan Sula','82'),
('8204','Halmahera Selatan','82'),
('8205','Halmahera Utara','82'),
('8206','Halmahera Timur','82'),
('8207','Pulau Morotai','82'),
('8208','Pulau Taliabu','82'),
('8271','Ternate','82'),
('8272','Tidore Kepulauan','82'),
('9101','Fakfak','91'),
('9102','Kaimana','91'),
('9103','Teluk Wondama','91'),
('9104','Teluk Bintuni','91'),
('9105','Manokwari','91'),
('9106','Sorong Selatan','91'),
('9107','Sorong','91'),
('9108','Raja Ampat','91'),
('9109','Tambrauw','91'),
('9110','Maybrat','91'),
('9111','Manokwari Selatan','91'),
('9112','Pegunungan Arfak','91'),
('9171','Sorong','91'),
('9401','Merauke','94'),
('9402','Jayawijaya','94'),
('9403','Jayapura','94'),
('9404','Nabire','94'),
('9408','Kepulauan Yapen','94'),
('9409','Biak Numfor','94'),
('9410','Paniai','94'),
('9411','Puncak Jaya','94'),
('9412','Mimika','94'),
('9413','Boven Digoel','94'),
('9414','Mappi','94'),
('9415','Asmat','94'),
('9416','Yahukimo','94'),
('9417','Pegunungan Bintang','94'),
('9418','Tolikara','94'),
('9419','Sarmi','94'),
('9420','Keerom','94'),
('9426','Waropen','94'),
('9427','Supiori','94'),
('9428','Mamberamo Raya','94'),
('9429','Nduga','94'),
('9430','Lanny Jaya','94'),
('9431','Mamberamo Tengah','94'),
('9432','Yalimo','94'),
('9433','Puncak','94'),
('9434','Dogiyai','94'),
('9435','Intan Jaya','94'),
('9436','Deiyai','94'),
('9471','Jayapura','94');

/*Table structure for table `tabel_pegawai` */

DROP TABLE IF EXISTS `tabel_pegawai`;

CREATE TABLE `tabel_pegawai` (
  `id` varchar(50) NOT NULL,
  `nipBaru` varchar(20) DEFAULT NULL,
  `nipLama` varchar(20) DEFAULT NULL,
  `nama` varchar(100) DEFAULT NULL,
  `gelarDepan` varchar(45) DEFAULT NULL,
  `gelarBelakang` varchar(45) DEFAULT NULL,
  `tempatLahir` varchar(45) DEFAULT NULL,
  `tempatLahirID` varchar(45) DEFAULT NULL,
  `tglLahir` date DEFAULT NULL,
  `agama` varchar(20) DEFAULT NULL,
  `agamaId` int(2) DEFAULT NULL,
  `email` varchar(45) DEFAULT NULL,
  `nik` varchar(20) DEFAULT NULL,
  `alamat` text,
  `noHp` varchar(20) DEFAULT NULL,
  `noTelp` varchar(20) DEFAULT NULL,
  `jenisPegawaiId` varchar(3) DEFAULT NULL,
  `jenisPegawaiNama` varchar(100) DEFAULT NULL,
  `kedudukanPnsId` varchar(3) DEFAULT NULL,
  `kedudukanPnsNama` varchar(100) DEFAULT NULL,
  `statusPegawai` varchar(10) DEFAULT NULL,
  `jenisKelamin` varchar(10) DEFAULT NULL,
  `jenisIdDokumenId` varchar(2) DEFAULT NULL,
  `jenisIdDokumenNama` varchar(30) DEFAULT NULL,
  `nomorIdDocument` varchar(20) DEFAULT NULL,
  `noSeriKarpeg` varchar(20) DEFAULT NULL,
  `tkPendidikanTerakhirId` varchar(3) DEFAULT NULL,
  `tkPendidikanTerakhir` varchar(20) DEFAULT NULL,
  `pendidikanTerakhirId` varchar(45) DEFAULT NULL,
  `pendidikanTerakhirNama` varchar(45) DEFAULT NULL,
  `tahunLulus` date DEFAULT NULL,
  `tmtPns` date DEFAULT NULL,
  `tglSkPns` date DEFAULT NULL,
  `tmtCpns` date DEFAULT NULL,
  `tglSkCpns` date DEFAULT NULL,
  `latihanStrukturalNama` varchar(45) DEFAULT NULL,
  `instansiIndukId` varchar(45) DEFAULT NULL,
  `instansiIndukNama` varchar(100) DEFAULT NULL,
  `satuanKerjaIndukId` varchar(45) DEFAULT NULL,
  `satuanKerjaIndukNama` varchar(100) DEFAULT NULL,
  `kanregId` varchar(3) DEFAULT NULL,
  `kanregNama` varchar(45) DEFAULT NULL,
  `instansiKerjaId` varchar(45) DEFAULT NULL,
  `instansiKerjaNama` varchar(100) DEFAULT NULL,
  `instansiKerjaKodeCepat` varchar(10) DEFAULT NULL,
  `satuanKerjaKerjaId` varchar(45) DEFAULT NULL,
  `satuanKerjaKerjaNama` varchar(100) DEFAULT NULL,
  `unorId` varchar(45) DEFAULT NULL,
  `unorNama` varchar(200) DEFAULT NULL,
  `unorIndukId` varchar(45) DEFAULT NULL,
  `unorIndukNama` varchar(100) DEFAULT NULL,
  `jenisJabatanId` varchar(2) DEFAULT NULL,
  `jenisJabatan` varchar(100) DEFAULT NULL,
  `jabatanNama` varchar(255) DEFAULT NULL,
  `jabatanStrukturalId` varchar(45) DEFAULT NULL,
  `jabatanStrukturalNama` varchar(100) DEFAULT NULL,
  `jabatanFungsionalId` varchar(45) DEFAULT NULL,
  `jabatanFungsionalNama` varchar(100) DEFAULT NULL,
  `jabatanFungsionalUmumId` varchar(45) DEFAULT NULL,
  `jabatanFungsionalUmumNama` varchar(100) DEFAULT NULL,
  `tmtJabatan` date DEFAULT NULL,
  `lokasiKerjaId` varchar(45) DEFAULT NULL,
  `lokasiKerja` varchar(45) DEFAULT NULL,
  `golRuangAwalId` int(2) DEFAULT NULL,
  `golRuangAwal` varchar(10) DEFAULT NULL,
  `golRuangAkhirId` int(2) DEFAULT NULL,
  `golRuangAkhir` varchar(10) DEFAULT NULL,
  `tmtGolAkhir` date DEFAULT NULL,
  `nomorSptm` varchar(45) DEFAULT NULL,
  `mkTahun` int(2) DEFAULT NULL,
  `mkBulan` int(2) DEFAULT NULL,
  `masaKerja` varchar(30) DEFAULT NULL,
  `eselon` varchar(20) DEFAULT NULL,
  `eselonId` varchar(20) DEFAULT NULL,
  `eselonLevel` varchar(20) DEFAULT NULL,
  `tmtEselon` date DEFAULT NULL,
  `gajiPokok` bigint(20) DEFAULT NULL,
  `kpknId` varchar(45) DEFAULT NULL,
  `kpknNama` varchar(45) DEFAULT NULL,
  `ktuaId` varchar(45) DEFAULT NULL,
  `ktuaNama` varchar(100) DEFAULT NULL,
  `taspenId` varchar(45) DEFAULT NULL,
  `taspenNama` varchar(100) DEFAULT NULL,
  `jenisKawinId` varchar(2) DEFAULT NULL,
  `statusPerkawinan` varchar(45) DEFAULT NULL,
  `statusHidup` tinyint(4) DEFAULT NULL,
  `tglSuratKeteranganDokter` date DEFAULT NULL,
  `noSuratKeteranganDokter` varchar(100) DEFAULT NULL,
  `jumlahIstriSuami` int(2) DEFAULT NULL,
  `jumlahAnak` int(2) DEFAULT NULL,
  `noSuratKeteranganBebasNarkoba` varchar(45) DEFAULT NULL,
  `tglSuratKeteranganBebasNarkoba` date DEFAULT NULL,
  `skck` varchar(45) DEFAULT NULL,
  `tglSkck` date DEFAULT NULL,
  `akteKelahiran` varchar(45) DEFAULT NULL,
  `akteMeninggal` varchar(45) DEFAULT NULL,
  `tglMeninggal` date DEFAULT NULL,
  `noNpwp` varchar(45) DEFAULT NULL,
  `tglNpwp` date DEFAULT NULL,
  `noAskes` varchar(45) DEFAULT NULL,
  `bpjs` varchar(45) DEFAULT NULL,
  `kodePos` varchar(6) DEFAULT NULL,
  `noSpmt` varchar(45) DEFAULT NULL,
  `tglSpmt` date DEFAULT NULL,
  `noTaspen` varchar(45) DEFAULT NULL,
  `bahasa` varchar(45) DEFAULT NULL,
  `kppnId` varchar(45) DEFAULT NULL,
  `kppnNama` varchar(100) DEFAULT NULL,
  `pangkatAkhir` varchar(50) DEFAULT NULL,
  `tglSttpl` date DEFAULT NULL,
  `nomorSttpl` varchar(100) DEFAULT NULL,
  `nomorSkCpns` varchar(100) DEFAULT NULL,
  `nomorSkPns` varchar(100) DEFAULT NULL,
  `jenjang` varchar(45) DEFAULT NULL,
  `jabatanAsn` varchar(45) DEFAULT NULL,
  PRIMARY KEY (`id`),
  KEY `pegawai_nip` (`nipBaru`),
  KEY `pegawai_golongan` (`golRuangAkhirId`)
) ENGINE=InnoDB DEFAULT CHARSET=latin1;

/*Data for the table `tabel_pegawai` */

insert  into `tabel_pegawai`(`id`,`nipBaru`,`nipLama`,`nama`,`gelarDepan`,`gelarBelakang`,`tempatLahir`,`tempatLahirID`,`tglLahir`,`agama`,`agamaId`,`email`,`nik`,`alamat`,`noHp`,`noTelp`,`jenisPegawaiId`,`jenisPegawaiNama`,`kedudukanPnsId`,`kedudukanPnsNama`,`statusPegawai`,`jenisKelamin`,`jenisIdDokumenId`,`jenisIdDokumenNama`,`nomorIdDocument`,`noSeriKarpeg`,`tkPendidikanTerakhirId`,`tkPendidikanTerakhir`,`pendidikanTerakhirId`,`pendidikanTerakhirNama`,`tahunLulus`,`tmtPns`,`tglSkPns`,`tmtCpns`,`tglSkCpns`,`latihanStrukturalNama`,`instansiIndukId`,`instansiIndukNama`,`satuanKerjaIndukId`,`satuanKerjaIndukNama`,`kanregId`,`kanregNama`,`instansiKerjaId`,`instansiKerjaNama`,`instansiKerjaKodeCepat`,`satuanKerjaKerjaId`,`satuanKerjaKerjaNama`,`unorId`,`unorNama`,`unorIndukId`,`unorIndukNama`,`jenisJabatanId`,`jenisJabatan`,`jabatanNama`,`jabatanStrukturalId`,`jabatanStrukturalNama`,`jabatanFungsionalId`,`jabatanFungsionalNama`,`jabatanFungsionalUmumId`,`jabatanFungsionalUmumNama`,`tmtJabatan`,`lokasiKerjaId`,`lokasiKerja`,`golRuangAwalId`,`golRuangAwal`,`golRuangAkhirId`,`golRuangAkhir`,`tmtGolAkhir`,`nomorSptm`,`mkTahun`,`mkBulan`,`masaKerja`,`eselon`,`eselonId`,`eselonLevel`,`tmtEselon`,`gajiPokok`,`kpknId`,`kpknNama`,`ktuaId`,`ktuaNama`,`taspenId`,`taspenNama`,`jenisKawinId`,`statusPerkawinan`,`statusHidup`,`tglSuratKeteranganDokter`,`noSuratKeteranganDokter`,`jumlahIstriSuami`,`jumlahAnak`,`noSuratKeteranganBebasNarkoba`,`tglSuratKeteranganBebasNarkoba`,`skck`,`tglSkck`,`akteKelahiran`,`akteMeninggal`,`tglMeninggal`,`noNpwp`,`tglNpwp`,`noAskes`,`bpjs`,`kodePos`,`noSpmt`,`tglSpmt`,`noTaspen`,`bahasa`,`kppnId`,`kppnNama`,`pangkatAkhir`,`tglSttpl`,`nomorSttpl`,`nomorSkCpns`,`nomorSkPns`,`jenjang`,`jabatanAsn`) values 
('0E2621E1729B440FE050640A15023D38','198511072015031001',NULL,'ARI WIBAWA',NULL,'SE','BANTUL','A5EB03E22009F6A0E040640A040252AD','0000-00-00','Islam',1,'ariee_wyb@yahoo.com','3402010711850001','DK. VII PURON RT. 48 KEL. TRIMURTI KEC. SRANDAKAN KAB. BANTUL YOGYAKARTA',NULL,NULL,'01','PNS Pusat yang bekerja pada Departemen/Lembaga','01','Aktif','PNS','Pria','1','Kartu Tanda Penduduk','3402010711850001','B 00010188','40','S-1/Sarjana','A5EB03E20C1AF6A0E040640A040252AD','S-1 MANAJEMEN','0000-00-00','0000-00-00','0000-00-00','0000-00-00','0000-00-00',NULL,'A5EB03E23B00F6A0E040640A040252AD','Badan Kepegawaian Negara','A5EB03E24348F6A0E040640A040252AD','Kantor Regional VIII BKN','08','Kantor Regional VIII BKN','A5EB03E23B00F6A0E040640A040252AD','Badan Kepegawaian Negara','4011','A5EB03E24348F6A0E040640A040252AD','Kantor Regional VIII BKN','8ae483a57224a634017259ddd73f0942','Subbagian Umum Kantor Regional VIII BKN Banjarmasin','8ae483a57224a634017259ddd73f093e','Kantor Regional VIII BKN Banjarmasin','1','STRUKTURAL','Kepala Subbagian Umum Kantor Regional VIII BKN Banjarmasin','8ae483a57224a634017259ddd73f0942','Kepala Subbagian Umum Kantor Regional VIII BKN Banjarmasin',NULL,NULL,NULL,NULL,'0000-00-00','A5EB03E21F82F6A0E040640A040252AD','BANJARBARU',31,'III/a',32,'III/b','0000-00-00','UP.11/114/2015',4,1,'4 tahun 1 bulan','IV.a','41','4','0000-00-00',NULL,'A5EB03E21D0AF6A0E040640A040252AD','BANJARMASIN','','','','','1','Menikah',0,'0000-00-00','LEONORA A.LEGOH',NULL,NULL,'159/SKPN/RSUD/2015','0000-00-00','SKCK/YANMAS/868/II/2015/RES BANTUL','0000-00-00',NULL,NULL,'0000-00-00',NULL,'0000-00-00',NULL,'0000646528184',NULL,'UP.11/114/2015',NULL,NULL,NULL,'A5EB03E21D0AF6A0E040640A040252AD','BANJARMASIN','Penata Muda Tingkat I','0000-00-00','00042162/DIKLAT PRAJABATAN III/088/3201/LAN/2015','UP.3/1/2015','UP.33/1/2016',NULL,'JABATAN PENGAWAS'),
('0E2621E1729C440FE050640A15023D38','198905092015031002',NULL,'DWI TIYANTORO JATI SURYONO',NULL,'SE','SURAKARTA','A5EB03E22003F6A0E040640A040252AD','0000-00-00','Islam',1,'aan_sambernyawa@yahoo.co.id','3311090905890001','JL. NYI AGENG SERANG 8 RT. 04 RW. 08 MADEGONDO GROGOL SUKOHARJO JAWA TENGAH','085642078415',NULL,'01','PNS Pusat yang bekerja pada Departemen/Lembaga','01','Aktif','PNS','Pria','1','Kartu Tanda Penduduk','3311090905890001','B 00010182','40','S-1/Sarjana','A5EB03E20C1AF6A0E040640A040252AD','S-1 MANAJEMEN','0000-00-00','0000-00-00','0000-00-00','0000-00-00','0000-00-00',NULL,'A5EB03E23B00F6A0E040640A040252AD','Badan Kepegawaian Negara','A5EB03E24348F6A0E040640A040252AD','Kantor Regional VIII BKN','08','Kantor Regional VIII BKN','A5EB03E23B00F6A0E040640A040252AD','Badan Kepegawaian Negara','4011','A5EB03E24348F6A0E040640A040252AD','Kantor Regional VIII BKN','8ae483a57224a634017259ddd7420958','Unit Penyelenggara Seleksi Calon dan Penilaian Kompetensi Pegawai Aparatur Sipil Negara Palangkaraya','8ae483a57224a634017259ddd73f093e','Kantor Regional VIII BKN Banjarmasin','4','FUNGSIONAL_UMUM','ANALIS ANGGARAN',NULL,NULL,NULL,NULL,'A418D76DFD74B891E040640A04021940','ANALIS ANGGARAN','0000-00-00','A5EB03E21F82F6A0E040640A040252AD','BANJARBARU',31,'III/a',32,'III/b','0000-00-00','UP.11/112/2015',4,1,'4 tahun 1 bulan','Non Eselon','Non Eselon','Non Eselon','0000-00-00',NULL,'A5EB03E21CD6F6A0E040640A040252AD','JAKARTA-I','','','','','1','Menikah',0,'0000-00-00','WIDIYANTO',NULL,NULL,'0444/MCU/RSBM/II/2015','0000-00-00','SKCK/YANMAS/38/I/2015/INTELKAM','0000-00-00',NULL,NULL,'0000-00-00','725592596532000','0000-00-00',NULL,'0001906615541',NULL,'UP.11/112/2015',NULL,NULL,NULL,'A5EB03E21CD6F6A0E040640A040252AD','JAKARTA-I','Penata Muda Tingkat I','0000-00-00','00042199/DIKLAT PRAJABATAN III/088/3201/LAN/2015','UP.3/1/2015','UP.33/1/2016',NULL,NULL),
('0E2621E172A4440FE050640A15023D38','198402042015032002',NULL,'PEBRIANTY. A',NULL,'S.H','TABALONG','A5EB03E21FFBF6A0E040640A040252AD','0000-00-00','Islam',1,'pebriy2@gmail.com','1218044402840012','DESA FIRDAUS KEC. SEI RAMPAH KAB. SERDANG BEGADAI PROP SUMATERA UTARA',NULL,NULL,'01','PNS Pusat yang bekerja pada Departemen/Lembaga','01','Aktif','PNS','Wanita','1','Kartu Tanda Penduduk','1218044402840012','B 00010189','40','S-1/Sarjana','ff8080815123bf7a0151334af571596a','S-1 ILMU HUKUM','0000-00-00','0000-00-00','0000-00-00','0000-00-00','0000-00-00',NULL,'A5EB03E23B00F6A0E040640A040252AD','Badan Kepegawaian Negara','A5EB03E24348F6A0E040640A040252AD','Kantor Regional VIII BKN','08','Kantor Regional VIII BKN','A5EB03E23B00F6A0E040640A040252AD','Badan Kepegawaian Negara','4011','A5EB03E24348F6A0E040640A040252AD','Kantor Regional VIII BKN','8ae483a57224a634017259ddd7420957','Unit Penyelenggara Seleksi Calon dan Penilaian Kompetensi Pegawai Aparatur Sipil Negara Balikpapan','8ae483a57224a634017259ddd73f093e','Kantor Regional VIII BKN Banjarmasin','4','FUNGSIONAL_UMUM','ANALIS ANGGARAN',NULL,NULL,NULL,NULL,'A418D76DFD74B891E040640A04021940','ANALIS ANGGARAN','0000-00-00','A5EB03E21F82F6A0E040640A040252AD','BANJARBARU',31,'III/a',32,'III/b','0000-00-00','UP.11/107/2015',4,1,'4 tahun 1 bulan','Non Eselon','Non Eselon','Non Eselon','0000-00-00',NULL,'A5EB03E21D0AF6A0E040640A040252AD','BANJARMASIN','','','','','1','Menikah',0,'0000-00-00','NURLILI SEMBIRING',NULL,NULL,'445/128/RSUD.55/BN/II/2015','0000-00-00','SKCK/YANMAS/184/II/2015/INTELKAM','0000-00-00',NULL,NULL,'0000-00-00','728005802114000','0000-00-00',NULL,'0000196036378',NULL,'UP.11/107/2015',NULL,NULL,NULL,'A5EB03E21D0AF6A0E040640A040252AD','BANJARMASIN','Penata Muda Tingkat I','0000-00-00','00042235/DIKLAT PRAJABATAN III/088/3201/LAN/2015','UP.3/1/2015','UP.33/1/2016',NULL,NULL),
('0E2621E172AE440FE050640A15023D38','199303162015031002',NULL,'IRFAN RAMDHANI WICAKSONO',NULL,'A.Md','SLEMAN','A5EB03E2203DF6A0E040640A040252AD','0000-00-00','Islam',1,'irfanramdhaniwicaksono@gmail.com','3404121603930004','BALONG KEL. DONOHARJO KEC. NGAGLIK KAB. SLEMAN YOGYAKARTA',NULL,NULL,'01','PNS Pusat yang bekerja pada Departemen/Lembaga','01','Aktif','PNS','Pria','1','Kartu Tanda Penduduk','3404121603930004','B 00010191','30','Diploma III/Sarjana ','A5EB03E214A6F6A0E040640A040252AD','D-III KEARSIPAN','0000-00-00','0000-00-00','0000-00-00','0000-00-00','0000-00-00',NULL,'A5EB03E23B00F6A0E040640A040252AD','Badan Kepegawaian Negara','A5EB03E24348F6A0E040640A040252AD','Kantor Regional VIII BKN','08','Kantor Regional VIII BKN','A5EB03E23B00F6A0E040640A040252AD','Badan Kepegawaian Negara','4011','A5EB03E24348F6A0E040640A040252AD','Kantor Regional VIII BKN','8ae483a57224a634017259ddd7420959','Unit Penyelenggara Seleksi Calon dan Penilaian Kompetensi Pegawai Aparatur Sipil Negara Tarakan','8ae483a57224a634017259ddd73f093e','Kantor Regional VIII BKN Banjarmasin','2','FUNGSIONAL_TERTENTU','Analis Kepegawaian Pelaksana / Terampil',NULL,NULL,'A5EB03E23E34F6A0E040640A040252AD','Analis Kepegawaian Pelaksana / Terampil',NULL,NULL,'0000-00-00','A5EB03E21FFEF6A0E040640A040252AD','BANJARMASIN',23,'II/c',24,'II/d','0000-00-00','UP.11/115/2015',7,1,'7 tahun 1 bulan','Non Eselon','Non Eselon','Non Eselon','0000-00-00',NULL,'A5EB03E21D0AF6A0E040640A040252AD','BANJARMASIN','','','','','1','Menikah',0,'0000-00-00',' VITA PERMANASARI',NULL,NULL,'010/SKD/II/2015','0000-00-00','SKCK/YANMAS/15.641/X/2014/SAT INTELKAM','0000-00-00',NULL,NULL,'0000-00-00','727589376542000','0000-00-00',NULL,'0000096439689',NULL,'UP.11/115/2015',NULL,NULL,NULL,'A5EB03E21D0AF6A0E040640A040252AD','BANJARMASIN','Pengatur Tingkat I','0000-00-00','00048509/DIKLAT PRAJABATAN II/088/3201/LAN/2015','UP.3/1/2015','UP.33/1/2016','TR',NULL),
('0E2621E172B0440FE050640A15023D38','199008252015032002',NULL,'RATIH DWI HERLINA',NULL,'S.AP','BANTUL','A5EB03E22009F6A0E040640A040252AD','0000-00-00','Islam',1,'ratiehdherlina@gmail.com','3402026508900001','PIRING II RT/RW 001/- MURTIGADING SANDEN BANTUL YOGYAKARTA',NULL,NULL,'01','PNS Pusat yang bekerja pada Departemen/Lembaga','01','Aktif','PNS','Wanita','1','Kartu Tanda Penduduk','3402026508900001','B 00010190','40','S-1/Sarjana','8ae4828752202e5801522fa681350be2','S-1 ILMU ADMINISTRASI NEGARA','0000-00-00','0000-00-00','0000-00-00','0000-00-00','0000-00-00',NULL,'A5EB03E23B00F6A0E040640A040252AD','Badan Kepegawaian Negara','A5EB03E24348F6A0E040640A040252AD','Kantor Regional VIII BKN','08','Kantor Regional VIII BKN','A5EB03E23B00F6A0E040640A040252AD','Badan Kepegawaian Negara','4011','A5EB03E24348F6A0E040640A040252AD','Kantor Regional VIII BKN','8ae483a661273d4001612fe1c96664b1','UNIT PENYELENGGARA SELEKSI CALON DAN PENILAIAN KOMPETENSI PEGAWAI APARATUR SIPIL NEGARA PALANGKARAYA','A8ACA73A4DF63912E040640A040269BB','BADAN KEPEGAWAIAN NEGARA','2','FUNGSIONAL_TERTENTU','Analis Kepegawaian Pelaksana / Terampil',NULL,NULL,'A5EB03E23E34F6A0E040640A040252AD','Analis Kepegawaian Pelaksana / Terampil',NULL,NULL,'0000-00-00','A5EB03E21F82F6A0E040640A040252AD','BANJARBARU',23,'II/c',24,'II/d','0000-00-00','UP.11/105/2015',7,1,'7 tahun 1 bulan','Non Eselon','Non Eselon','Non Eselon','0000-00-00',NULL,'A5EB03E21CD6F6A0E040640A040252AD','JAKARTA-I','','','','','1','Menikah',0,'0000-00-00','TRI SUNU HANDAYANI',NULL,NULL,'102/SKD/II/2015','0000-00-00','SKCK/YANMAS/877/II/2015/RES.BANTUL','0000-00-00',NULL,NULL,'0000-00-00','66.188.818.0543.000','0000-00-00',NULL,'0000094571019',NULL,'UP.11/105/2015',NULL,NULL,NULL,'A5EB03E21CD6F6A0E040640A040252AD','JAKARTA-I','Pengatur Tingkat I','0000-00-00','00048524/DIKLAT PRAJABATAN II/088/3201/LAN/2015','UP.3/1/2015','UP.33/1/2016','TR',NULL),
('0E2621E172FE440FE050640A15023D38','198905272015032003',NULL,'ELFRIDA SIREGAR',NULL,'Amd.Kom','DELI SERDANG','A5EB03E21F72F6A0E040640A040252AD','0000-00-00','Kristen',2,'elfridasiregar2705@yahoo.com','1207286705890001','DUSUN IV POKOK MANGGA DESA PASAR MELINTANG KEC. LUBUK PAKAM KAB. DELI SERDANG PROP. SUMATERA UTARA','081375806084',NULL,'01','PNS Pusat yang bekerja pada Departemen/Lembaga','01','Aktif','PNS','Wanita','1','Kartu Tanda Penduduk','1207286705890001','B 08004636','30','Diploma III/Sarjana ','ff808081513cb660015147c22485021a','D-III MANAJEMEN INFORMATIKA','0000-00-00','0000-00-00','0000-00-00','0000-00-00','0000-00-00',NULL,'A5EB03E23B00F6A0E040640A040252AD','Badan Kepegawaian Negara','A5EB03E24348F6A0E040640A040252AD','Kantor Regional VIII BKN','08','Kantor Regional VIII BKN','A5EB03E23B00F6A0E040640A040252AD','Badan Kepegawaian Negara','4011','A5EB03E24348F6A0E040640A040252AD','Kantor Regional VIII BKN','A8ACA73A520C3912E040640A040269BB','SEKSI PENGOLAHAN DATA DAN DISEMINASI INFORMASI KEPEGAWAIAN','A8ACA73A51E83912E040640A040269BB','KANTOR REGIONAL VIII BKN','2','FUNGSIONAL_TERTENTU','Pranata Komputer Pelaksana / Terampil',NULL,NULL,'A5EB03E23EB3F6A0E040640A040252AD','Pranata Komputer Pelaksana / Terampil',NULL,NULL,'0000-00-00','A5EB03E21F82F6A0E040640A040252AD','BANJARBARU',23,'II/c',24,'II/d','0000-00-00','35/SPMT/KEPEG/KR.VIII/III/2015',6,7,'6 tahun 7 bulan','Non Eselon','Non Eselon','Non Eselon','0000-00-00',NULL,'A5EB03E21D0AF6A0E040640A040252AD','BANJARMASIN','','','','','1','Menikah',0,'0000-00-00','EMZAL KABAN',NULL,NULL,'445.196/II/2015','0000-00-00','SKCK/YANMAS/344/II/2015/INTELKAM DS','0000-00-00','13076/1999',NULL,'0000-00-00','72.804.547.7732.000','0000-00-00','0001818292241','0001818292241',NULL,'35/SPMT/KEPEG/KR.VIII/III/2015',NULL,NULL,NULL,'A5EB03E21D0AF6A0E040640A040252AD','BANJARMASIN','Pengatur Tingkat I','0000-00-00','00048643/DIKLAT PRAJABATAN II/088/3201/LAN/2015','UP.3/4/2015','UP.33/4/2016','TR',NULL),
('0E2621E172FF440FE050640A15023D38','198805172015032003',NULL,'ROSITA BERLIANDA',NULL,'A.Md','BLITAR','A5EB03E220E4F6A0E040640A040252AD','0000-00-00','Islam',1,'roseta_lian@yahoo.co.id','3572035705880004','DSN/DS. PATEGUHAN  RT 02 RW 05 KEC. GONDANGWETAN KAB. PASURUAN JAWA TIMUR','085749518247',NULL,'01','PNS Pusat yang bekerja pada Departemen/Lembaga','01','Aktif','PNS','Wanita','1','Kartu Tanda Penduduk','3572035705880004','B 08004635','30','Diploma III/Sarjana ','ff808081513cb660015147c22485021a','D-III MANAJEMEN INFORMATIKA','0000-00-00','0000-00-00','0000-00-00','0000-00-00','0000-00-00',NULL,'A5EB03E23B00F6A0E040640A040252AD','Badan Kepegawaian Negara','A5EB03E24348F6A0E040640A040252AD','Kantor Regional VIII BKN','08','Kantor Regional VIII BKN','A5EB03E23B00F6A0E040640A040252AD','Badan Kepegawaian Negara','4011','A5EB03E24348F6A0E040640A040252AD','Kantor Regional VIII BKN','A8ACA73A520E3912E040640A040269BB','SEKSI PEMANFAATAN TEKNOLOGI INFORMASI','A8ACA73A51E83912E040640A040269BB','KANTOR REGIONAL VIII BKN','2','FUNGSIONAL_TERTENTU','Pranata Komputer Pelaksana / Terampil',NULL,NULL,'A5EB03E23EB3F6A0E040640A040252AD','Pranata Komputer Pelaksana / Terampil',NULL,NULL,'0000-00-00','A5EB03E21FFEF6A0E040640A040252AD','BANJARMASIN',23,'II/c',24,'II/d','0000-00-00','37/SPMT/KEPEG/KR.VIII/III/2015',6,1,'6 tahun 1 bulan','Non Eselon','Non Eselon','Non Eselon','0000-00-00',NULL,'A5EB03E21D0AF6A0E040640A040252AD','BANJARMASIN','','','','','1','Menikah',0,'0000-00-00','LOANITA TJANDRASJAHAN',NULL,NULL,'R/0205/II/2015/RUMKIT','0000-00-00','SKCK/YANMAS/0383/II/2015/SATINTELKAM','0000-00-00',NULL,NULL,'0000-00-00','440379626653000','0000-00-00',NULL,'0001832081185',NULL,'37/SPMT/KEPEG/KR.VIII/III/2015',NULL,NULL,NULL,'A5EB03E21D0AF6A0E040640A040252AD','BANJARMASIN','Pengatur Tingkat I','0000-00-00','00048485/DIKLAT PRAJABATAN II/088/3201/LAN/2015','UP.3/4/2015','UP.33/4/2016','TR',NULL),
('0E2621E17345440FE050640A15023D38','198806112015031001',NULL,'MUHAMMAD AQLI FARI NAZARULLAH',NULL,'S.Psi','BANJARMASIN','A5EB03E21FFEF6A0E040640A040252AD','0000-00-00','Islam',1,'aqlifary@yahoo.com','6371041106880004','JL. ADYAKSA 6 NO. 19 RT. 26 KEL. SUNGAI MIAI KEC. BANJARMASIN UTARA BANJARMASIN','08115151688','05116723455','01','PNS Pusat yang bekerja pada Departemen/Lembaga','01','Aktif','PNS','Pria','1','Kartu Tanda Penduduk','6371041106880004','B 00010185','40','S-1/Sarjana','A5EB03E208B4F6A0E040640A040252AD','S-1 PSIKOLOGI','0000-00-00','0000-00-00','0000-00-00','0000-00-00','0000-00-00',NULL,'A5EB03E23B00F6A0E040640A040252AD','Badan Kepegawaian Negara','A5EB03E24348F6A0E040640A040252AD','Kantor Regional VIII BKN','08','Kantor Regional VIII BKN','A5EB03E23B00F6A0E040640A040252AD','Badan Kepegawaian Negara','4011','A5EB03E24348F6A0E040640A040252AD','Kantor Regional VIII BKN','8ae483a57224a634017259ddd7410953','Seksi Fasilitasi Pengembangan Kepegawaian Kantor Regional VIII BKN Banjarmasin','8ae483a57224a634017259ddd73f093e','Kantor Regional VIII BKN Banjarmasin','2','FUNGSIONAL_TERTENTU','Assessor Sumber Daya Manusia Aparatur Pertama',NULL,NULL,'D82C966533007042E040640A02020A8A','Assessor Sumber Daya Manusia Aparatur Pertama',NULL,NULL,'0000-00-00','A5EB03E21F82F6A0E040640A040252AD','BANJARBARU',31,'III/a',32,'III/b','0000-00-00','UP.11/113/2015',4,1,'4 tahun 1 bulan','Non Eselon','Non Eselon','Non Eselon','0000-00-00',NULL,'A5EB03E21D0AF6A0E040640A040252AD','BANJARMASIN','','','','','1','Menikah',0,'0000-00-00',' ISTIQOMAH KIFTIANA SARI',NULL,NULL,'812/244 N-MCU/RSUU','0000-00-00','SKCK/YANMAS/815/II/2015/INTELKAM','0000-00-00','2094/IST-A/2005',NULL,'0000-00-00','16.505.747.2731.000','0000-00-00','0001143310599','0001143310599',NULL,'UP.11/113/2015',NULL,NULL,NULL,'A5EB03E21D0AF6A0E040640A040252AD','BANJARMASIN','Penata Muda Tingkat I','0000-00-00','00042232/DIKLAT PRAJABATAN III/088/3201/LAN/2015','UP.3/1/2015','UP.33/1/2016','PT',NULL),
('0E2621E17346440FE050640A15023D38','199203022015032004',NULL,'CINDI ADI PERTIWI',NULL,'S.Psi','DENPASAR','A5EB03E21FAEF6A0E040640A040252AD','0000-00-00','Islam',1,'cindyadipertiwi@gmail.com','5171034203920017','JL. PADANG KARTIKA III/3 BR TEGES, PADANG SAMBIAN KELOD KEC. DENPASAR BARAT KOTA DENPASAR PROP. BALI',NULL,NULL,'01','PNS Pusat yang bekerja pada Departemen/Lembaga','01','Aktif','PNS','Wanita','1','Kartu Tanda Penduduk','5171034203920017','B 00010186','40','S-1/Sarjana','A5EB03E208B4F6A0E040640A040252AD','S-1 PSIKOLOGI','0000-00-00','0000-00-00','0000-00-00','0000-00-00','0000-00-00',NULL,'A5EB03E23B00F6A0E040640A040252AD','Badan Kepegawaian Negara','A5EB03E24348F6A0E040640A040252AD','Kantor Regional VIII BKN','08','Kantor Regional VIII BKN','A5EB03E23B00F6A0E040640A040252AD','Badan Kepegawaian Negara','4011','A5EB03E24348F6A0E040640A040252AD','Kantor Regional VIII BKN','8ae483a57224a634017259ddd7410953','Seksi Fasilitasi Pengembangan Kepegawaian Kantor Regional VIII BKN Banjarmasin','8ae483a57224a634017259ddd73f093e','Kantor Regional VIII BKN Banjarmasin','2','FUNGSIONAL_TERTENTU','Assessor Sumber Daya Manusia Aparatur Pertama',NULL,NULL,'D82C966533007042E040640A02020A8A','Assessor Sumber Daya Manusia Aparatur Pertama',NULL,NULL,'0000-00-00','A5EB03E21F82F6A0E040640A040252AD','BANJARBARU',31,'III/a',32,'III/b','0000-00-00','UP.11/106/2015',4,1,'4 tahun 1 bulan','Non Eselon','Non Eselon','Non Eselon','0000-00-00',NULL,'A5EB03E21D0AF6A0E040640A040252AD','BANJARMASIN','','','','','1','Menikah',0,'0000-00-00','AA AYU SUCI SETIA DEWI',NULL,NULL,'YM.01.02/INT.I.EI.PJW/0188/2015','0000-00-00','SKCK/YANMAS/1577/II/2015/INTELKAM','0000-00-00',NULL,NULL,'0000-00-00','727134207901000','0000-00-00',NULL,'0000142613572',NULL,'UP.11/106/2015',NULL,NULL,NULL,'A5EB03E21D0AF6A0E040640A040252AD','BANJARMASIN','Penata Muda Tingkat I','0000-00-00','00042195/DIKLAT PRAJABATAN III/088/3201/LAN/2015','UP.3/1/2015','UP.33/1/2016','PT',NULL),
('0E2621E17348440FE050640A15023D38','199212112015032003',NULL,'AYA SALIKHA SUBAGYO',NULL,'S.Psi','KARANGANYAR','A5EB03E21FEDF6A0E040640A040252AD','0000-00-00','Islam',1,'aya.salikha@yahoo.com','3313095112920003','BEJI RT. 002 RW. 003 57716 KEL. BEJAN KEC.KARANGANYAR',NULL,NULL,'01','PNS Pusat yang bekerja pada Departemen/Lembaga','01','Aktif','PNS','Wanita','1','Kartu Tanda Penduduk','3313095112920003','B 00010187','40','S-1/Sarjana','A5EB03E208B4F6A0E040640A040252AD','S-1 PSIKOLOGI','0000-00-00','0000-00-00','0000-00-00','0000-00-00','0000-00-00',NULL,'A5EB03E23B00F6A0E040640A040252AD','Badan Kepegawaian Negara','A5EB03E24348F6A0E040640A040252AD','Kantor Regional VIII BKN','08','Kantor Regional VIII BKN','A5EB03E23B00F6A0E040640A040252AD','Badan Kepegawaian Negara','4011','A5EB03E24348F6A0E040640A040252AD','Kantor Regional VIII BKN','8ae483a57224a634017259ddd7410953','Seksi Fasilitasi Pengembangan Kepegawaian Kantor Regional VIII BKN Banjarmasin','8ae483a57224a634017259ddd73f093e','Kantor Regional VIII BKN Banjarmasin','2','FUNGSIONAL_TERTENTU','Assessor Sumber Daya Manusia Aparatur Pertama',NULL,NULL,'D82C966533007042E040640A02020A8A','Assessor Sumber Daya Manusia Aparatur Pertama',NULL,NULL,'0000-00-00','A5EB03E21F82F6A0E040640A040252AD','BANJARBARU',31,'III/a',32,'III/b','0000-00-00','UP.11/111/2015',4,1,'4 tahun 1 bulan','Non Eselon','Non Eselon','Non Eselon','0000-00-00',NULL,'A5EB03E21D0AF6A0E040640A040252AD','BANJARMASIN','','','','','4','Belum Kawin',0,'0000-00-00',' ENJANG DWI YULIANI',NULL,NULL,'445/241.31/II/2015','0000-00-00','SKCK/0582/II/2015/RES KRA','0000-00-00',NULL,NULL,'0000-00-00','727387961528000','0000-00-00',NULL,'0000976617123',NULL,'UP.11/111/2015',NULL,NULL,NULL,'A5EB03E21D0AF6A0E040640A040252AD','BANJARMASIN','Penata Muda Tingkat I','0000-00-00','00042164/DIKLAT PRAJABATAN III/088/3201/LAN/2015','UP.3/1/2015','UP.33/1/2016','PT',NULL),
('0E2621E17362440FE050640A15023D38','199003192015031003',NULL,'TEDDY CAHYO MUNANTO',NULL,'S.Kom.','KUPANG','A5EB03E21F65F6A0E040640A040252AD','0000-00-00','Islam',1,'teddcm@gmail.com','6372021903900001','KOMPLEK CITRA PALM PERMAI BLOK V NOMOR 2 KEL. GUNTUNG MANGGIS, KEC. LANDASAN ULIN, KOTA BANJARBARU, PROV. KALIMANTAN SELATAN','085640334455',NULL,'01','PNS Pusat yang bekerja pada Departemen/Lembaga','01','Aktif','PNS','Pria','1','Kartu Tanda Penduduk','6372021903900001','B 00010184','45','S-2','A5EB03E21C04F6A0E040640A040252AD','S-2 TEKNOLOGI INFORMASI','0000-00-00','0000-00-00','0000-00-00','0000-00-00','0000-00-00',NULL,'A5EB03E23B00F6A0E040640A040252AD','Badan Kepegawaian Negara','A5EB03E24348F6A0E040640A040252AD','Kantor Regional VIII BKN','08','Kantor Regional VIII BKN','A5EB03E23B00F6A0E040640A040252AD','Badan Kepegawaian Negara','4011','A5EB03E24348F6A0E040640A040252AD','Kantor Regional VIII BKN','8ae483a57224a634017259ddd7410950','Seksi Pengolahan Data dan Diseminasi Informasi Kepegawaian Kantor Regional VIII BKN Banjarmasin','8ae483a57224a634017259ddd73f093e','Kantor Regional VIII BKN Banjarmasin','2','FUNGSIONAL_TERTENTU','Pranata Komputer Pertama / Ahli Pertama',NULL,NULL,'A5EB03E23EB1F6A0E040640A040252AD','Pranata Komputer Pertama / Ahli Pertama',NULL,NULL,'0000-00-00','A5EB03E21F82F6A0E040640A040252AD','BANJARBARU',31,'III/a',32,'III/b','0000-00-00','UP.11/110/2015',4,1,'4 tahun 1 bulan','Non Eselon','Non Eselon','Non Eselon','0000-00-00',NULL,'A5EB03E21D0AF6A0E040640A040252AD','BANJARMASIN','','','','','1','Menikah',0,'0000-00-00','MARIA INDRIATI TIRTOATMODJO',NULL,NULL,'812/NARKOBA/313691','0000-00-00','SKCK/YANMAS/556/II/2015/SAT INTELKAM','0000-00-00',NULL,NULL,'0000-00-00','726050149732000','0000-00-00',NULL,'0001906623257',NULL,'UP.11/110/2015',NULL,NULL,NULL,'A5EB03E21D0AF6A0E040640A040252AD','BANJARMASIN','Penata Muda Tingkat I','0000-00-00','0042243/DIKLAT PRAJABATAN III/088/3201/2015','UP.3/1/2015','UP.33/1/2016','PT',NULL),
('0E2621E17363440FE050640A15023D38','198905222015032003',NULL,'MELLINDA NENCYTARANI',NULL,'S.Kom','JOMBANG','A5EB03E2200EF6A0E040640A040252AD','0000-00-00','Islam',1,'mellinda.nencytarani@gmail.com','3506246205890001','DSN. TANGKILAN KIDUL 001/002 DESA PADANGAN KEC. KAYEN KIDUL KAB. KEDIRI JAWA TIMUR','082244868997','-','01','PNS Pusat yang bekerja pada Departemen/Lembaga','01','Aktif','PNS','Wanita','1','Kartu Tanda Penduduk','3506246205890001','B 00010183','40','S-1/Sarjana','A5EB03E21749F6A0E040640A040252AD','S-1 TEKNIK INFORMATIKA','0000-00-00','0000-00-00','0000-00-00','0000-00-00','0000-00-00',NULL,'A5EB03E23B00F6A0E040640A040252AD','Badan Kepegawaian Negara','A5EB03E24348F6A0E040640A040252AD','Kantor Regional VIII BKN','08','Kantor Regional VIII BKN','A5EB03E23B00F6A0E040640A040252AD','Badan Kepegawaian Negara','4011','A5EB03E24348F6A0E040640A040252AD','Kantor Regional VIII BKN','8ae483a57224a634017259ddd7420958','Unit Penyelenggara Seleksi Calon dan Penilaian Kompetensi Pegawai Aparatur Sipil Negara Palangkaraya','8ae483a57224a634017259ddd73f093e','Kantor Regional VIII BKN Banjarmasin','2','FUNGSIONAL_TERTENTU','Pranata Komputer Pertama / Ahli Pertama',NULL,NULL,'A5EB03E23EB1F6A0E040640A040252AD','Pranata Komputer Pertama / Ahli Pertama',NULL,NULL,'0000-00-00','A5EB03E21F82F6A0E040640A040252AD','BANJARBARU',31,'III/a',32,'III/b','0000-00-00','UP.11/108/2015',4,1,'4 tahun 1 bulan','Non Eselon','Non Eselon','Non Eselon','0000-00-00',NULL,'A5EB03E21D0AF6A0E040640A040252AD','BANJARMASIN','','','','','1','Menikah',0,'0000-00-00','HASNUL KHOTIMAH',NULL,NULL,'R/0143/II/2015/RUMKIT','0000-00-00','SKCK/YANMAS/15/II/2015/SATINTELKAM','0000-00-00',NULL,NULL,'0000-00-00','72.756.749.7655.000','0000-00-00',NULL,'-',NULL,'UP.11/108/2015',NULL,NULL,NULL,'A5EB03E21D0AF6A0E040640A040252AD','BANJARMASIN','Penata Muda Tingkat I','0000-00-00','0042174/DIKLATPRAJABATAN III/088/3201/LAN/2015','UP.3/1/2015','UP.33/1/2016','PT',NULL),
('0E2621E17364440FE050640A15023D38','198006262015032001',NULL,'YUNI FAJRIAH',NULL,'S.Kom','PEKANBARU','A5EB03E220B1F6A0E040640A040252AD','0000-00-00','Islam',1,'yunifajriah26@gmail.com','6472066606800008','JL. SURYATA KOMPLEK KEHAKIMAN BLOK CC NO. 23 KEL. BUKIT PINANG KEC. SAMARINDA ULU SAMARINDA KALTIM',NULL,NULL,'01','PNS Pusat yang bekerja pada Departemen/Lembaga','01','Aktif','PNS','Wanita','1','Kartu Tanda Penduduk','6472066606800008','B 00010181','40','S-1/Sarjana','A5EB03E21749F6A0E040640A040252AD','S-1 TEKNIK INFORMATIKA','0000-00-00','0000-00-00','0000-00-00','0000-00-00','0000-00-00',NULL,'A5EB03E23B00F6A0E040640A040252AD','Badan Kepegawaian Negara','A5EB03E24348F6A0E040640A040252AD','Kantor Regional VIII BKN','08','Kantor Regional VIII BKN','A5EB03E23B00F6A0E040640A040252AD','Badan Kepegawaian Negara','4011','A5EB03E24348F6A0E040640A040252AD','Kantor Regional VIII BKN','8ae483a57224a634017259ddd7420957','Unit Penyelenggara Seleksi Calon dan Penilaian Kompetensi Pegawai Aparatur Sipil Negara Balikpapan','8ae483a57224a634017259ddd73f093e','Kantor Regional VIII BKN Banjarmasin','2','FUNGSIONAL_TERTENTU','Pranata Komputer Pertama / Ahli Pertama',NULL,NULL,'A5EB03E23EB1F6A0E040640A040252AD','Pranata Komputer Pertama / Ahli Pertama',NULL,NULL,'0000-00-00','A5EB03E21F82F6A0E040640A040252AD','BANJARBARU',31,'III/a',32,'III/b','0000-00-00','UP.11/109/2015',4,1,'4 tahun 1 bulan','Non Eselon','Non Eselon','Non Eselon','0000-00-00',NULL,'A5EB03E21D0AF6A0E040640A040252AD','BANJARMASIN','','','','','1','Menikah',0,'0000-00-00','LANNY SETIAWATI',NULL,NULL,'RG1262/MCU-445/II/2015 RM:81.77.77','0000-00-00','423/II/2015/INTELKAM','0000-00-00','57/I/2003',NULL,'0000-00-00','57.169.177.3-701.000','0000-00-00','0000050156155','0000050156155',NULL,'UP.11/109/2015',NULL,NULL,NULL,'A5EB03E21D0AF6A0E040640A040252AD','BANJARMASIN','Penata Muda Tingkat I','0000-00-00','00042218/DIKLAT PRAJABATAN III/088/3201/LAN/2015','UP.3/1/2015','UP.33/1/2016','PT',NULL),
('7DFE7E9B0E10CEB5E050640A3C0316F9','199011062019022005',NULL,'GIANITA REZKI AMALIA',NULL,'S.I.Kom.','BANJARMASIN','A5EB03E21FFEF6A0E040640A040252AD','0000-00-00','Islam',1,'geabarbie@ymail.com','3578084611900004','JL PRAMUKA KOMP DPRD NO 11 RT 19 RW 2 KELURAHAN SUNGAI LULUT KECAMATAN BANJARMASIN TIMUR','082140641119',NULL,'01','PNS Pusat yang bekerja pada Departemen/Lembaga','01','Aktif','PNS','Wanita','1','Kartu Tanda Penduduk','3578084611900004',NULL,'40','S-1/Sarjana','A5EB03E20E59F6A0E040640A040252AD','S-1 ILMU KOMUNIKASI','0000-00-00','0000-00-00','0000-00-00','0000-00-00','0000-00-00',NULL,'A5EB03E23B00F6A0E040640A040252AD','Badan Kepegawaian Negara','A5EB03E24348F6A0E040640A040252AD','Kantor Regional VIII BKN','08','Kantor Regional VIII BKN','A5EB03E23B00F6A0E040640A040252AD','Badan Kepegawaian Negara','4011','A5EB03E24348F6A0E040640A040252AD','Kantor Regional VIII BKN','8ae483a57224a634017259ddd73f0942','Subbagian Umum Kantor Regional VIII BKN Banjarmasin','8ae483a57224a634017259ddd73f093e','Kantor Regional VIII BKN Banjarmasin','4','FUNGSIONAL_UMUM','ANALIS PUBLIKASI',NULL,NULL,NULL,NULL,'8ae482894be32eea014be78cf41378d5','ANALIS PUBLIKASI','0000-00-00','A5EB03E21FFEF6A0E040640A040252AD','BANJARMASIN',31,'III/a',31,'III/a','0000-00-00','UP.11/116/2019',1,0,'1 tahun 0 bulan','Non Eselon','Non Eselon','Non Eselon','0000-00-00',NULL,'A5EB03E21D0AF6A0E040640A040252AD','BANJARMASIN','','','','','1','Menikah',0,'0000-00-00','ERLINAWATI',NULL,NULL,'445/14238/IPF.2/RS.AS','0000-00-00','SKCK/YANMAS/29595/XII/2018/SATINTELKAM','0000-00-00',NULL,NULL,'0000-00-00',NULL,'0000-00-00',NULL,NULL,NULL,'UP.11/116/2019',NULL,NULL,NULL,'A5EB03E21D0AF6A0E040640A040252AD','BANJARMASIN','Penata Muda','0000-00-00','00024106/LATSAR CPNS III/4011/017/LAN-BKN/2019','UP.3/10/2019','UP.33/10/2020',NULL,NULL),
('7DFE7E9B1A71CEB5E050640A3C0316F9','199504172019021001',NULL,'RACHMAT BAYU PERMADI',NULL,'S.Kom.','SERANG','A5EB03E220AEF6A0E040640A040252AD','0000-00-00','Islam',1,'bayupermadi95@gmail.com','3672051704950004','PERUM CITARUM INDAH NO 4, KELURAHAN CURAHGRINTING, KECAMATAN KANIGARAN',NULL,NULL,'01','PNS Pusat yang bekerja pada Departemen/Lembaga','01','Aktif','PNS','Pria','1','Kartu Tanda Penduduk','3672051704950004',NULL,'40','S-1/Sarjana','ff8080815133783a0151388349c50ee1','S-1 TEKNIK INFORMATIKA','0000-00-00','0000-00-00','0000-00-00','0000-00-00','0000-00-00',NULL,'A5EB03E23B00F6A0E040640A040252AD','Badan Kepegawaian Negara','A5EB03E24348F6A0E040640A040252AD','Kantor Regional VIII BKN','08','Kantor Regional VIII BKN','A5EB03E23B00F6A0E040640A040252AD','Badan Kepegawaian Negara','4011','A5EB03E24348F6A0E040640A040252AD','Kantor Regional VIII BKN','8ae483a57224a634017259ddd7420959','Unit Penyelenggara Seleksi Calon dan Penilaian Kompetensi Pegawai Aparatur Sipil Negara Tarakan','8ae483a57224a634017259ddd73f093e','Kantor Regional VIII BKN Banjarmasin','2','FUNGSIONAL_TERTENTU','Pranata Komputer Pertama / Ahli Pertama',NULL,NULL,'A5EB03E23EB1F6A0E040640A040252AD','Pranata Komputer Pertama / Ahli Pertama',NULL,NULL,'0000-00-00','ff80808140151b37014033f528684517','KALIMANTAN UTARA',31,'III/a',31,'III/a','0000-00-00','up.11/127/2019',1,0,'1 tahun 0 bulan','Non Eselon','Non Eselon','Non Eselon','0000-00-00',NULL,'A5EB03E21D0AF6A0E040640A040252AD','BANJARMASIN','','','','','4','Belum Kawin',0,'0000-00-00','YULLY W. WULANSARI',NULL,NULL,'812/18/425.208/2019','0000-00-00','SKCK/1/I/YAN.2.3/2019/SATINTELKAM','0000-00-00',NULL,NULL,'0000-00-00',NULL,'0000-00-00',NULL,NULL,NULL,'up.11/127/2019',NULL,NULL,NULL,'A5EB03E21D0AF6A0E040640A040252AD','BANJARMASIN','Penata Muda','0000-00-00','00005150/LATSAR CPNS III/4011/017/LAN-BKN/2019','UP.3/10/2019','UP.33/10/2020','PT',NULL),
('7DFE7E9B1A72CEB5E050640A3C0316F9','199412192019022003',NULL,'SUKMA SURYANINGSIH',NULL,'S.Tr.Kom.','BONE','A5EB03E21F2BF6A0E040640A040252AD','0000-00-00','Islam',1,'ingsih19@gmail.com','7308225902940001','KOST RUMAH IBU, JL. BARANSARI RT 05 RW 42 NO.121, NGALANGAN, SARDONOHARJO, NGAGLIK.',NULL,NULL,'01','PNS Pusat yang bekerja pada Departemen/Lembaga','01','Aktif','PNS','Wanita','1','Kartu Tanda Penduduk','7308225902940001',NULL,'35','Diploma IV','ff8080813dab3fe7013dc891688a7902','D-IV TEKNIK INFORMATIKA','0000-00-00','0000-00-00','0000-00-00','0000-00-00','0000-00-00',NULL,'A5EB03E23B00F6A0E040640A040252AD','Badan Kepegawaian Negara','A5EB03E24348F6A0E040640A040252AD','Kantor Regional VIII BKN','08','Kantor Regional VIII BKN','A5EB03E23B00F6A0E040640A040252AD','Badan Kepegawaian Negara','4011','A5EB03E24348F6A0E040640A040252AD','Kantor Regional VIII BKN','8ae483a57224a634017259ddd7420959','Unit Penyelenggara Seleksi Calon dan Penilaian Kompetensi Pegawai Aparatur Sipil Negara Tarakan','8ae483a57224a634017259ddd73f093e','Kantor Regional VIII BKN Banjarmasin','2','FUNGSIONAL_TERTENTU','Pranata Komputer Pertama / Ahli Pertama',NULL,NULL,'A5EB03E23EB1F6A0E040640A040252AD','Pranata Komputer Pertama / Ahli Pertama',NULL,NULL,'0000-00-00','ff80808140151b37014033f528684517','KALIMANTAN UTARA',31,'III/a',31,'III/a','0000-00-00','UP.11/128/2019',1,0,'1 tahun 0 bulan','Non Eselon','Non Eselon','Non Eselon','0000-00-00',NULL,'A5EB03E21D0AF6A0E040640A040252AD','BANJARMASIN','','','','','4','Belum Kawin',0,'0000-00-00','SUHARTINI, MPH',NULL,NULL,'10578/JW-BN/RSUD/XII/2018','0000-00-00','SKCK/YANMAS/102/I/2019/SAT INTELKAM','0000-00-00',NULL,NULL,'0000-00-00',NULL,'0000-00-00',NULL,NULL,NULL,'UP.11/128/2019',NULL,NULL,NULL,'A5EB03E21D0AF6A0E040640A040252AD','BANJARMASIN','Penata Muda','0000-00-00','00035668/LATSAR CPNS III/4011/017/LAN-BKN/2019','UP.3/10/2019','UP.33/10/2020 ','PT',NULL),
('7DFE7E9B1A73CEB5E050640A3C0316F9','199201142019021003',NULL,'EKO SETIA NUGRAHA',NULL,'S.KM, M.M.','BIREUEN','A5EB03E220C2F6A0E040640A040252AD','0000-00-00','Islam',1,'setia.nugraha141@gmail.com','1111131401920001','DUSUN SEJAHTERA, DESA GEULANGGANG BARO, KECAMATAN KOTA JUANG',NULL,NULL,'01','PNS Pusat yang bekerja pada Departemen/Lembaga','01','Aktif','PNS','Pria','1','Kartu Tanda Penduduk','1111131401920001',NULL,'45','S-2','E86E1A1A07C5B570E040640A18027F34','S-2 MANAJEMEN SDM','0000-00-00','0000-00-00','0000-00-00','0000-00-00','0000-00-00',NULL,'A5EB03E23B00F6A0E040640A040252AD','Badan Kepegawaian Negara','A5EB03E24348F6A0E040640A040252AD','Kantor Regional VIII BKN','08','Kantor Regional VIII BKN','A5EB03E23B00F6A0E040640A040252AD','Badan Kepegawaian Negara','4011','A5EB03E24348F6A0E040640A040252AD','Kantor Regional VIII BKN','8ae483a57224a634017259ddd7420959','Unit Penyelenggara Seleksi Calon dan Penilaian Kompetensi Pegawai Aparatur Sipil Negara Tarakan','8ae483a57224a634017259ddd73f093e','Kantor Regional VIII BKN Banjarmasin','2','FUNGSIONAL_TERTENTU','Assessor Sumber Daya Manusia Aparatur Pertama',NULL,NULL,'D82C966533007042E040640A02020A8A','Assessor Sumber Daya Manusia Aparatur Pertama',NULL,NULL,'0000-00-00','A5EB03E21F86F6A0E040640A040252AD','BULUNGAN',32,'III/b',32,'III/b','0000-00-00','UP.11/126/2019',0,0,'0 tahun 0 bulan','Non Eselon','Non Eselon','Non Eselon','0000-00-00',NULL,'A5EB03E21D0AF6A0E040640A040252AD','BANJARMASIN','','','','','4','Belum Kawin',0,'0000-00-00','SAFRIZAL',NULL,NULL,'9583/KES/2018','0000-00-00','SKCK/YANMAS/4966/XII/YAN.2.3./2018/SAT IK','0000-00-00',NULL,NULL,'0000-00-00',NULL,'0000-00-00',NULL,NULL,NULL,'UP.11/126/2019',NULL,NULL,NULL,'A5EB03E21D0AF6A0E040640A040252AD','BANJARMASIN','Penata Muda Tingkat I','0000-00-00','00003659/LATSAR CPNS III/4011/017/LAN-BKN/2019','sss','UP.33/10/2020','PT',NULL),
('7DFE7E9B1A74CEB5E050640A3C0316F9','199412022019021001',NULL,'ADITYA PRAMUDITO',NULL,'S.Psi','YOGYAKARTA','A5EB03E2203EF6A0E040640A040252AD','0000-00-00','Islam',1,'ditodepo.94.94@gmail.com','3404120212940004','JL KALIURANG KM 8.5 DAYU BARU 81 RT 06/RW 28 SINDUHARJO,NGAGLIK,SLEMAN 55581','085200125720',NULL,'01','PNS Pusat yang bekerja pada Departemen/Lembaga','01','Aktif','PNS','Pria','1','Kartu Tanda Penduduk','3404120212940004',NULL,'40','S-1/Sarjana','A5EB03E208B4F6A0E040640A040252AD','S-1 PSIKOLOGI','0000-00-00','0000-00-00','0000-00-00','0000-00-00','0000-00-00',NULL,'A5EB03E23B00F6A0E040640A040252AD','Badan Kepegawaian Negara','A5EB03E24348F6A0E040640A040252AD','Kantor Regional VIII BKN','08','Kantor Regional VIII BKN','A5EB03E23B00F6A0E040640A040252AD','Badan Kepegawaian Negara','4011','A5EB03E24348F6A0E040640A040252AD','Kantor Regional VIII BKN','8ae483a57224a634017259ddd7410953','Seksi Fasilitasi Pengembangan Kepegawaian Kantor Regional VIII BKN Banjarmasin','8ae483a57224a634017259ddd73f093e','Kantor Regional VIII BKN Banjarmasin','4','FUNGSIONAL_UMUM','ANALIS PENGEMBANGAN KOMPETENSI',NULL,NULL,NULL,NULL,'ff80808146f17ff50146f51d9b8a4dc8','ANALIS PENGEMBANGAN KOMPETENSI','0000-00-00','A5EB03E21F86F6A0E040640A040252AD','BULUNGAN',31,'III/a',31,'III/a','0000-00-00','UP.11/124/2019',1,0,'1 tahun 0 bulan','Non Eselon','Non Eselon','Non Eselon','0000-00-00',NULL,'A5EB03E21D0AF6A0E040640A040252AD','BANJARMASIN','','','','','4','Belum Kawin',0,'0000-00-00','SUHARTA',NULL,NULL,'KET/844/XII/2018','0000-00-00','SKCK/YANMAS/31.358/XII/2018/SAT INTELKAM','0000-00-00',NULL,NULL,'0000-00-00',NULL,'0000-00-00',NULL,NULL,NULL,'UP.11/124/2019',NULL,NULL,NULL,'A5EB03E21D0AF6A0E040640A040252AD','BANJARMASIN','Penata Muda','0000-00-00','00004895/LATSAR CPNS III/4011/017/LAN-BKN/2019','UP.3/10/2019','UP.33/10/2020',NULL,NULL),
('7DFE7E9B1A75CEB5E050640A3C0316F9','199309032019021004',NULL,'EDI TRIONO',NULL,'S.Kom','PURBALINGGA','A5EB03E21F60F6A0E040640A040252AD','0000-00-00','Islam',1,'editriono03@gmail.com','3303050309930001','DS. JATISABA RT 04/04 KEC. PURBALINGGA','083863628591',NULL,'01','PNS Pusat yang bekerja pada Departemen/Lembaga','01','Aktif','PNS','Pria','1','Kartu Tanda Penduduk','3303050309930001',NULL,'40','S-1/Sarjana','ff8080815133783a0151388349c50ee1','S-1 TEKNIK INFORMATIKA','0000-00-00','0000-00-00','0000-00-00','0000-00-00','0000-00-00',NULL,'A5EB03E23B00F6A0E040640A040252AD','Badan Kepegawaian Negara','A5EB03E24348F6A0E040640A040252AD','Kantor Regional VIII BKN','08','Kantor Regional VIII BKN','A5EB03E23B00F6A0E040640A040252AD','Badan Kepegawaian Negara','4011','A5EB03E24348F6A0E040640A040252AD','Kantor Regional VIII BKN','8ae483a57224a634017259ddd7420958','Unit Penyelenggara Seleksi Calon dan Penilaian Kompetensi Pegawai Aparatur Sipil Negara Palangkaraya','8ae483a57224a634017259ddd73f093e','Kantor Regional VIII BKN Banjarmasin','2','FUNGSIONAL_TERTENTU','Pranata Komputer Pertama / Ahli Pertama',NULL,NULL,'A5EB03E23EB1F6A0E040640A040252AD','Pranata Komputer Pertama / Ahli Pertama',NULL,NULL,'0000-00-00','A5EB03E21F7DF6A0E040640A040252AD','PALANGKA RAYA',31,'III/a',31,'III/a','0000-00-00','UP.11/120/2019',1,0,'1 tahun 0 bulan','Non Eselon','Non Eselon','Non Eselon','0000-00-00',NULL,'A5EB03E21D0AF6A0E040640A040252AD','BANJARMASIN','','','','','4','Belum Kawin',0,'0000-00-00','PUSPITA SARI',NULL,NULL,'3009/LAB-NAR/XII/2018','0000-00-00','SKCK/YANMAS/9/1/2019/SAT INTELKAM','0000-00-00',NULL,NULL,'0000-00-00',NULL,'0000-00-00',NULL,NULL,NULL,'UP.11/120/2019',NULL,NULL,NULL,'A5EB03E21D0AF6A0E040640A040252AD','BANJARMASIN','Penata Muda','0000-00-00','00060396/LATSAR CPNS III/4011/017/LAN-BKN/2019','UP.3/10/2019','UP.33/10/2020  ','PT',NULL),
('7DFE7E9B1A76CEB5E050640A3C0316F9','199010272019021002',NULL,'YOGIE OKTAVIANUS SIHOMBING',NULL,'S.T.','BARITO SELATAN','A5EB03E21FF6F6A0E040640A040252AD','0000-00-00','Kristen',2,'yogie_yos@yahoo.co.id','6271032710900003','JL. TEMANGGUNG TILUNG XXII NO. 5','081322442333',NULL,'01','PNS Pusat yang bekerja pada Departemen/Lembaga','01','Aktif','PNS','Pria','1','Kartu Tanda Penduduk','6271032710900003',NULL,'40','S-1/Sarjana','ff8080815133783a0151388349c50ee1','S-1 TEKNIK INFORMATIKA','0000-00-00','0000-00-00','0000-00-00','0000-00-00','0000-00-00',NULL,'A5EB03E23B00F6A0E040640A040252AD','Badan Kepegawaian Negara','A5EB03E24348F6A0E040640A040252AD','Kantor Regional VIII BKN','08','Kantor Regional VIII BKN','A5EB03E23B00F6A0E040640A040252AD','Badan Kepegawaian Negara','4011','A5EB03E24348F6A0E040640A040252AD','Kantor Regional VIII BKN','8ae483a57224a634017259ddd7420958','Unit Penyelenggara Seleksi Calon dan Penilaian Kompetensi Pegawai Aparatur Sipil Negara Palangkaraya','8ae483a57224a634017259ddd73f093e','Kantor Regional VIII BKN Banjarmasin','2','FUNGSIONAL_TERTENTU','Pranata Komputer Pertama / Ahli Pertama',NULL,NULL,'A5EB03E23EB1F6A0E040640A040252AD','Pranata Komputer Pertama / Ahli Pertama',NULL,NULL,'0000-00-00','A5EB03E21F7DF6A0E040640A040252AD','PALANGKA RAYA',31,'III/a',31,'III/a','0000-00-00','UP.11/123/2019',1,0,'1 tahun 0 bulan','Non Eselon','Non Eselon','Non Eselon','0000-00-00',NULL,'A5EB03E21D0AF6A0E040640A040252AD','BANJARMASIN','','','','','1','Menikah',0,'0000-00-00','IRONASIA.M,M.MKES',NULL,NULL,'LAB : 05-22/PEL-IPK/RSUD/XII-2018','0000-00-00','SKCK/YANMAS/09690/XII/YAN.2.3/2018/INTELKAM','0000-00-00',NULL,NULL,'0000-00-00',NULL,'0000-00-00',NULL,NULL,NULL,'UP.11/123/2019',NULL,NULL,NULL,'A5EB03E21D0AF6A0E040640A040252AD','BANJARMASIN','Penata Muda','0000-00-00','00005154/LATSAR CPNS III/4011/017/LAN-BKN/2019','UP.3/10/2019','UP.33/10/2020','PT',NULL),
('7DFE7E9B1A77CEB5E050640A3C0316F9','199009232019021002',NULL,'EDHUARD A',NULL,'S.E.','JAKARTA','ff80808133b129d80133b4ab22e90ecc','0000-00-00','Islam',1,'edhuard.antonius@gmail.com','3175062309900012','BULAK JAYA RT 12/08 NO 66 KELURAHAN PULO GEBANG KECAMATAN CAKUNG','085691273747',NULL,'01','PNS Pusat yang bekerja pada Departemen/Lembaga','01','Aktif','PNS','Pria','1','Kartu Tanda Penduduk','3175062309900012',NULL,'40','S-1/Sarjana','ff80808152eed2530152f8765444486e','S-1 MANAJEMEN','0000-00-00','0000-00-00','0000-00-00','0000-00-00','0000-00-00',NULL,'A5EB03E23B00F6A0E040640A040252AD','Badan Kepegawaian Negara','A5EB03E24348F6A0E040640A040252AD','Kantor Regional VIII BKN','08','Kantor Regional VIII BKN','A5EB03E23B00F6A0E040640A040252AD','Badan Kepegawaian Negara','4011','A5EB03E24348F6A0E040640A040252AD','Kantor Regional VIII BKN','8ae483a57224a634017259ddd73f0940','Subbagian Perencanaan dan Keuangan Kantor Regional VIII BKN Banjarmasin','8ae483a57224a634017259ddd73f093e','Kantor Regional VIII BKN Banjarmasin','4','FUNGSIONAL_UMUM','ANALIS KEUANGAN',NULL,NULL,NULL,NULL,'A418D76DFDAFB891E040640A04021940','ANALIS KEUANGAN','0000-00-00','A5EB03E21F7DF6A0E040640A040252AD','PALANGKA RAYA',31,'III/a',31,'III/a','0000-00-00','UP.11/119/2019',1,0,'1 tahun 0 bulan','Non Eselon','Non Eselon','Non Eselon','0000-00-00',NULL,'A5EB03E21D0AF6A0E040640A040252AD','BANJARMASIN','','','','','4','Belum Kawin',0,'0000-00-00','RISALINA MYRTA A, MARS',NULL,NULL,'2133/SBN/XII/2018','0000-00-00','SKCK/YANMAS/60250/XII/2018/RES. JAKTIM','0000-00-00',NULL,NULL,'0000-00-00',NULL,'0000-00-00',NULL,NULL,NULL,'UP.11/119/2019',NULL,NULL,NULL,'A5EB03E21D0AF6A0E040640A040252AD','BANJARMASIN','Penata Muda','0000-00-00','00035686/LATSAR CPNS III/4011/017/LAN-BKN/2019','UP.3/10/2019','UP.33/10/2020 ',NULL,NULL),
('7DFE7E9B2209CEB5E050640A3C0316F9','199602152019021003',NULL,'CAHYO UTOMO',NULL,'S.E.','TARAKAN','A5EB03E21F8DF6A0E040640A040252AD','0000-00-00','Islam',1,'chytm15@gmail.com','6473011502960010','DSN. SUGIHAN RT. 26 RW. 07 DESA CERME, KECAMATAN GROGOL',NULL,NULL,'01','PNS Pusat yang bekerja pada Departemen/Lembaga','01','Aktif','PNS','Pria','1','Kartu Tanda Penduduk','6473011502960010',NULL,'40','S-1/Sarjana','A5EB03E218D6F6A0E040640A040252AD','S-1 AKUNTANSI','0000-00-00','0000-00-00','0000-00-00','0000-00-00','0000-00-00',NULL,'A5EB03E23B00F6A0E040640A040252AD','Badan Kepegawaian Negara','A5EB03E24348F6A0E040640A040252AD','Kantor Regional VIII BKN','08','Kantor Regional VIII BKN','A5EB03E23B00F6A0E040640A040252AD','Badan Kepegawaian Negara','4011','A5EB03E24348F6A0E040640A040252AD','Kantor Regional VIII BKN','8ae483a57224a634017259ddd73f0940','Subbagian Perencanaan dan Keuangan Kantor Regional VIII BKN Banjarmasin','8ae483a57224a634017259ddd73f093e','Kantor Regional VIII BKN Banjarmasin','4','FUNGSIONAL_UMUM','ANALIS KEUANGAN',NULL,NULL,NULL,NULL,'A418D76DFDAFB891E040640A04021940','ANALIS KEUANGAN','0000-00-00','A5EB03E2262BF6A0E040640A040252AD','TANJUNG SELOR',31,'III/a',31,'III/a','0000-00-00','UP.11/125/2019',1,0,'1 tahun 0 bulan','Non Eselon','Non Eselon','Non Eselon','0000-00-00',NULL,'A5EB03E21D0AF6A0E040640A040252AD','BANJARMASIN','','','','','4','Belum Kawin',0,'0000-00-00','RETNO ANEKOWATI',NULL,NULL,'6993/LT/XII/2018','0000-00-00','SKCK/YANMAS/04/I/2019/ SAT INTELKAM','0000-00-00',NULL,NULL,'0000-00-00',NULL,'0000-00-00',NULL,NULL,NULL,'UP.11/125/2019',NULL,NULL,NULL,'A5EB03E21D0AF6A0E040640A040252AD','BANJARMASIN','Penata Muda','0000-00-00','00035683/LATSAR CPNS III/4011/017/LAN-BKN/2019','UP.3/10/2019','UP.33/10/2020',NULL,NULL),
('7DFE7E9B220ACEB5E050640A3C0316F9','199105252019021005',NULL,'WAHYU NURCAHYU',NULL,'SE, MM','BANYUWANGI','A5EB03E21F47F6A0E040640A040252AD','0000-00-00','Islam',1,'Wahyucahyo28@yahoo.co.id','6271022505910001','JL. BUKIT TUNGGAL',NULL,NULL,'01','PNS Pusat yang bekerja pada Departemen/Lembaga','01','Aktif','PNS','Pria','1','Kartu Tanda Penduduk','6271022505910001',NULL,'45','S-2','E86E1A1A07C5B570E040640A18027F34','S-2 MANAJEMEN SDM','0000-00-00','0000-00-00','0000-00-00','0000-00-00','0000-00-00',NULL,'A5EB03E23B00F6A0E040640A040252AD','Badan Kepegawaian Negara','A5EB03E24348F6A0E040640A040252AD','Kantor Regional VIII BKN','08','Kantor Regional VIII BKN','A5EB03E23B00F6A0E040640A040252AD','Badan Kepegawaian Negara','4011','A5EB03E24348F6A0E040640A040252AD','Kantor Regional VIII BKN','8ae483a57224a634017259ddd7420958','Unit Penyelenggara Seleksi Calon dan Penilaian Kompetensi Pegawai Aparatur Sipil Negara Palangkaraya','8ae483a57224a634017259ddd73f093e','Kantor Regional VIII BKN Banjarmasin','2','FUNGSIONAL_TERTENTU','Assessor Sumber Daya Manusia Aparatur Pertama',NULL,NULL,'D82C966533007042E040640A02020A8A','Assessor Sumber Daya Manusia Aparatur Pertama',NULL,NULL,'0000-00-00','A5EB03E21F7DF6A0E040640A040252AD','PALANGKA RAYA',32,'III/b',32,'III/b','0000-00-00','UP.11/122/2019',1,0,'1 tahun 0 bulan','Non Eselon','Non Eselon','Non Eselon','0000-00-00',NULL,'A5EB03E21D0AF6A0E040640A040252AD','BANJARMASIN','','','','','4','Belum Kawin',0,'0000-00-00','ADY ADHA',NULL,NULL,'R/3/I/SKBN/2019/RUMKIT','0000-00-00','SKCK/YANMAS/00039/I/YAN.2.3/2019/INTELKAM','0000-00-00',NULL,NULL,'0000-00-00',NULL,'0000-00-00',NULL,NULL,NULL,'UP.11/122/2019',NULL,NULL,NULL,'A5EB03E21D0AF6A0E040640A040252AD','BANJARMASIN','Penata Muda Tingkat I','0000-00-00','00024160/LATSAR CPNS III/4011/017/LAN-BKN/2019','UP.3/10/2019','UP.33/10/2020','PT',NULL),
('7DFE7E9B220BCEB5E050640A3C0316F9','199506052019022001',NULL,'LALITA CANDRIKA NANDINI',NULL,'S.Psi','BLITAR','A5EB03E22164F6A0E040640A040252AD','0000-00-00','Islam',1,'lalita.can@gmail.com','3505144506950001','PERUMAHAN GRIYA PERMATA ASRI BLOK E/1A KELURAHAN NGAMBAK KECAMATAN WLINGI',NULL,NULL,'01','PNS Pusat yang bekerja pada Departemen/Lembaga','01','Aktif','PNS','Wanita','1','Kartu Tanda Penduduk','3505144506950001',NULL,'40','S-1/Sarjana','A5EB03E208B4F6A0E040640A040252AD','S-1 PSIKOLOGI','0000-00-00','0000-00-00','0000-00-00','0000-00-00','0000-00-00',NULL,'A5EB03E23B00F6A0E040640A040252AD','Badan Kepegawaian Negara','A5EB03E24348F6A0E040640A040252AD','Kantor Regional VIII BKN','08','Kantor Regional VIII BKN','A5EB03E23B00F6A0E040640A040252AD','Badan Kepegawaian Negara','4011','A5EB03E24348F6A0E040640A040252AD','Kantor Regional VIII BKN','8ae483a57224a634017259ddd7410953','Seksi Fasilitasi Pengembangan Kepegawaian Kantor Regional VIII BKN Banjarmasin','8ae483a57224a634017259ddd73f093e','Kantor Regional VIII BKN Banjarmasin','4','FUNGSIONAL_UMUM','ANALIS PENGEMBANGAN KOMPETENSI',NULL,NULL,NULL,NULL,'ff80808146f17ff50146f51d9b8a4dc8','ANALIS PENGEMBANGAN KOMPETENSI','0000-00-00','A5EB03E21F7DF6A0E040640A040252AD','PALANGKA RAYA',31,'III/a',31,'III/a','0000-00-00','UP.11/121/2019',1,0,'1 tahun 0 bulan','Non Eselon','Non Eselon','Non Eselon','0000-00-00',NULL,'A5EB03E21D0AF6A0E040640A040252AD','BANJARMASIN','','','','','4','Belum Kawin',0,'0000-00-00','HESTI PURWANTI, SP.PD',NULL,NULL,'445/12.1118/409.206/LAB/2018','0000-00-00','SKCK/2746/VII/YAN.2.3./2018/SATINTELKAM','0000-00-00',NULL,NULL,'0000-00-00',NULL,'0000-00-00',NULL,NULL,NULL,'UP.11/121/2019',NULL,NULL,NULL,'A5EB03E21D0AF6A0E040640A040252AD','BANJARMASIN','Penata Muda','0000-00-00','00035655/LATSAR CPNS III/4011/017/LAN-BKN/2019','UP.3/10/2019','UP.33/10/2020 ',NULL,NULL),
('7DFE7E9B4020CEB5E050640A3C0316F9','199606052019021003',NULL,'MUHAMMAD SUFI ZIKRILLAH',NULL,'S.M.','BANJARMASIN','A5EB03E21FFEF6A0E040640A040252AD','0000-00-00','Islam',1,'sufizikrillah@gmail.com','6371010506960014','JL. BANJAR PERMAI III KOMP. PONDOK BANJAR INDAH NO.119 RT.05, PEMURUS DALAM, BANJARMASIN SELATAN',NULL,NULL,'01','PNS Pusat yang bekerja pada Departemen/Lembaga','01','Aktif','PNS','Pria','1','Kartu Tanda Penduduk','6371010506960014',NULL,'40','S-1/Sarjana','ff80808152eed2530152f8765444486e','S-1 MANAJEMEN','0000-00-00','0000-00-00','0000-00-00','0000-00-00','0000-00-00',NULL,'A5EB03E23B00F6A0E040640A040252AD','Badan Kepegawaian Negara','A5EB03E24348F6A0E040640A040252AD','Kantor Regional VIII BKN','08','Kantor Regional VIII BKN','A5EB03E23B00F6A0E040640A040252AD','Badan Kepegawaian Negara','4011','A5EB03E24348F6A0E040640A040252AD','Kantor Regional VIII BKN','8ae483a57224a634017259ddd73f0941','Subbagian Kepegawaian Kantor Regional VIII BKN Banjarmasin','8ae483a57224a634017259ddd73f093e','Kantor Regional VIII BKN Banjarmasin','4','FUNGSIONAL_UMUM','ANALIS KINERJA',NULL,NULL,NULL,NULL,'8ae4828740c414080140ded9101d6b2a','ANALIS KINERJA','0000-00-00','A5EB03E21FFEF6A0E040640A040252AD','BANJARMASIN',31,'III/a',31,'III/a','0000-00-00','UP.11/117/2019',1,0,'1 tahun 0 bulan','Non Eselon','Non Eselon','Non Eselon','0000-00-00',NULL,'A5EB03E21D0AF6A0E040640A040252AD','BANJARMASIN','','','','','4','Belum Kawin',0,'0000-00-00','ISTIQAMAH KIFTIANA SARI',NULL,NULL,'812/18 N- MCU/RSUU','0000-00-00','SKCK/17422/XI/YAN.2.3/2018/SAT INTELKAM','0000-00-00',NULL,NULL,'0000-00-00',NULL,'0000-00-00',NULL,NULL,NULL,'UP.11/117/2019',NULL,NULL,NULL,'A5EB03E21D0AF6A0E040640A040252AD','BANJARMASIN','Penata Muda','0000-00-00','00024112/LATSAR CPNS III/4011/017/LAN-BKN/2019','UP.3/10/2019','UP.33/10/2020',NULL,NULL),
('7DFE7E9B4021CEB5E050640A3C0316F9','199312222019021005',NULL,'WILDAN AKBAR TAUFIQ',NULL,'S.AP','JAYAPURA','A5EB03E2216BF6A0E040640A040252AD','0000-00-00','Islam',1,'wildanakbartaufiq@gmail.com','3503112212930006','JALAN SOEKARNO HATTA RT 13 RW 05 KELURAHAN KELUTAN KECAMATAN TRENGGALEK KABUPATEN TRENGGALEK',NULL,NULL,'01','PNS Pusat yang bekerja pada Departemen/Lembaga','01','Aktif','PNS','Pria','1','Kartu Tanda Penduduk','3503112212930006',NULL,'40','S-1/Sarjana','ff8080814622d66001462312381e2287','S-1 ADMINISTRASI PUBLIK','0000-00-00','0000-00-00','0000-00-00','0000-00-00','0000-00-00',NULL,'A5EB03E23B00F6A0E040640A040252AD','Badan Kepegawaian Negara','A5EB03E24348F6A0E040640A040252AD','Kantor Regional VIII BKN','08','Kantor Regional VIII BKN','A5EB03E23B00F6A0E040640A040252AD','Badan Kepegawaian Negara','4011','A5EB03E24348F6A0E040640A040252AD','Kantor Regional VIII BKN','8ae483a57224a634017259ddd73f0941','Subbagian Kepegawaian Kantor Regional VIII BKN Banjarmasin','8ae483a57224a634017259ddd73f093e','Kantor Regional VIII BKN Banjarmasin','4','FUNGSIONAL_UMUM','ANALIS KINERJA',NULL,NULL,NULL,NULL,'8ae4828740c414080140ded9101d6b2a','ANALIS KINERJA','0000-00-00','A5EB03E21FFEF6A0E040640A040252AD','BANJARMASIN',31,'III/a',31,'III/a','0000-00-00','UP.11/118/2019',1,0,'1 tahun 0 bulan','Non Eselon','Non Eselon','Non Eselon','0000-00-00',NULL,'A5EB03E21D0AF6A0E040640A040252AD','BANJARMASIN','','','','','1','Menikah',0,'0000-00-00','DWI JOEDIASTUTI',NULL,NULL,'812/4598/35.03.010.004/2018','0000-00-00','SKCK/YANMAS/08899/XII/2018/POLRES','0000-00-00',NULL,NULL,'0000-00-00',NULL,'0000-00-00',NULL,NULL,NULL,'UP.11/118/2019',NULL,NULL,NULL,'A5EB03E21D0AF6A0E040640A040252AD','BANJARMASIN','Penata Muda','0000-00-00','00024096/LATSAR CPNS III/4011/017/LAN-BKN/2019','UP.3/10/2019','UP.33/10/2020',NULL,NULL),
('8ae4838c5d9b069e015da11d32153f9c','199310242018012002',NULL,'REGINA SUCI WAHYUNINGTYAS',NULL,'S.T.','PONTIANAK','A5EB03E21FCEF6A0E040640A040252AD','0000-00-00','Islam',1,'tyasgina24@gmail.com','6171056410930003','KOMP. CITRA INDAH I A 3','085249950593','0561745306','01','PNS Pusat yang bekerja pada Departemen/Lembaga','01','Aktif','PNS','Wanita','1','Kartu Tanda Penduduk','6171056410930003',NULL,'40','S-1/Sarjana','ff8080815133783a0151388349c50ee1','S-1 TEKNIK INFORMATIKA','0000-00-00','0000-00-00','0000-00-00','0000-00-00','0000-00-00',NULL,'A5EB03E23B00F6A0E040640A040252AD','Badan Kepegawaian Negara','A5EB03E24348F6A0E040640A040252AD','Kantor Regional VIII BKN','08','Kantor Regional VIII BKN','A5EB03E23B00F6A0E040640A040252AD','Badan Kepegawaian Negara','4011','A5EB03E24348F6A0E040640A040252AD','Kantor Regional VIII BKN','A8ACA73A520E3912E040640A040269BB','SEKSI PEMANFAATAN TEKNOLOGI INFORMASI','A8ACA73A51E83912E040640A040269BB','KANTOR REGIONAL VIII BKN','2','FUNGSIONAL_TERTENTU','Pranata Komputer Pertama / Ahli Pertama',NULL,NULL,'A5EB03E23EB1F6A0E040640A040252AD','Pranata Komputer Pertama / Ahli Pertama',NULL,NULL,'0000-00-00','A5EB03E21FFEF6A0E040640A040252AD','BANJARMASIN',31,'III/a',31,'III/a','0000-00-00','UP.11/98/2018',0,0,'0 tahun 0 bulan','Non Eselon','Non Eselon','Non Eselon','0000-00-00',NULL,'A5EB03E21D0AF6A0E040640A040252AD','BANJARMASIN','','','','','4','Belum Kawin',0,'0000-00-00','AVIA ATRYKA',NULL,NULL,'SKET/6181/XII/2017 RSBHY','0000-00-00','SKCK/TANMAS/26948/XI/2017/INTELKAM','0000-00-00',NULL,NULL,'0000-00-00','84.040.625.0-005.000','0000-00-00',NULL,'0002462058358',NULL,'UP.11/98/2018',NULL,NULL,NULL,'A5EB03E21D0AF6A0E040640A040252AD','BANJARMASIN','Penata Muda','0000-00-00','00005835/LATSAR CPNS III/4011/017/LAN-BKN/2018','UP.3/9/2017','UP.33/9/2018','PT',NULL),
('8ae4838c5da36caa015da508016c27c9','199203112018011003',NULL,'MOHAMAD NUR RAMANDHANU NUGROHO',NULL,'S.H.','JAKARTA','ff80808133b129d80133b4ab22e90ecc','0000-00-00','Islam',1,'mnurramandhanun@yahoo.co.id','6372061103920001','PERUM DUTA KRANJI JL.PLAOSAN 1 BLOK A. 408','081390225935','085647519220','01','PNS Pusat yang bekerja pada Departemen/Lembaga','01','Aktif','PNS','Pria','1','Kartu Tanda Penduduk','6372061103920001',NULL,'40','S-1/Sarjana','8ae4828752305712015234e0cb3a520b','S-1 ILMU HUKUM','0000-00-00','0000-00-00','0000-00-00','0000-00-00','0000-00-00',NULL,'A5EB03E23B00F6A0E040640A040252AD','Badan Kepegawaian Negara','A5EB03E240F7F6A0E040640A040252AD','Badan Kepegawaian Negara  ','08','Kantor Regional VIII BKN','A5EB03E23B00F6A0E040640A040252AD','Badan Kepegawaian Negara','4011','A5EB03E24348F6A0E040640A040252AD','Kantor Regional VIII BKN','A8ACA73A51E83912E040640A040269BB','KANTOR REGIONAL VIII BKN','A8ACA73A4DF63912E040640A040269BB','BADAN KEPEGAWAIAN NEGARA','2','FUNGSIONAL_TERTENTU','Auditor Kepegawaian Pertama / Ahli Pertama',NULL,NULL,'D82C966532FD7042E040640A02020A8A','Auditor Kepegawaian Pertama / Ahli Pertama',NULL,NULL,'0000-00-00','A5EB03E21FFEF6A0E040640A040252AD','BANJARMASIN',31,'III/a',32,'III/b','0000-00-00','UP.11/97/2018',3,4,'3 tahun 4 bulan','Non Eselon','Non Eselon','Non Eselon','0000-00-00',NULL,'A5EB03E21D0AF6A0E040640A040252AD','BANJARMASIN','','','','','4','Belum Kawin',0,'0000-00-00','HERA AGUSTINA',NULL,NULL,'273/XII/RSUD/2017','0000-00-00','SKCK/YANMAS/6.328/VII/2017/SEK BKS KOTA','0000-00-00',NULL,NULL,'0000-00-00',NULL,'0000-00-00',NULL,'0002268583604',NULL,'UP.11/97/2018',NULL,NULL,NULL,'A5EB03E21D0AF6A0E040640A040252AD','BANJARMASIN','Penata Muda Tingkat I','0000-00-00','00005868/LATSAR CPNS III/4011/017/LAN-BKN/2018','UP.3/9/2017','UP.33/9/2018','PT',NULL),
('8ae4838c5e9f1c94015ea78c151f17d1','199105242018012002',NULL,'RULYA YUSMAIDA',NULL,'SE','BANJARMASIN','A5EB03E21FFEF6A0E040640A040252AD','0000-00-00','Islam',1,'y.rulyaa@gmail.com','6371046405910006','JL. MALKON TEMON KOMP. BUANA PERMAI F.26','081325137187','087778162468','01','PNS Pusat yang bekerja pada Departemen/Lembaga','01','Aktif','PNS','Wanita','1','Kartu Tanda Penduduk','6371046405910006',NULL,'40','S-1/Sarjana','ff808081509301bd0150a21a7de43b4b','S-1 AKUNTANSI','0000-00-00','0000-00-00','0000-00-00','0000-00-00','0000-00-00',NULL,'A5EB03E23B00F6A0E040640A040252AD','Badan Kepegawaian Negara','A5EB03E24348F6A0E040640A040252AD','Kantor Regional VIII BKN','08','Kantor Regional VIII BKN','A5EB03E23B00F6A0E040640A040252AD','Badan Kepegawaian Negara','4011','A5EB03E24348F6A0E040640A040252AD','Kantor Regional VIII BKN','A8ACA73A51EC3912E040640A040269BB','SUBBAGIAN PERENCANAAN DAN KEUANGAN','A8ACA73A51E83912E040640A040269BB','KANTOR REGIONAL VIII BKN','4','FUNGSIONAL_UMUM','ANALIS KEUANGAN',NULL,NULL,NULL,NULL,'A418D76DFDAFB891E040640A04021940','ANALIS KEUANGAN','0000-00-00','A5EB03E21FFEF6A0E040640A040252AD','BANJARMASIN',31,'III/a',31,'III/a','0000-00-00','UP.11/99/2018',0,0,'0 tahun 0 bulan','Non Eselon','Non Eselon','Non Eselon','0000-00-00',NULL,'A5EB03E21D0AF6A0E040640A040252AD','BANJARMASIN','','','','','4','Belum Kawin',0,'0000-00-00','HJ.MARYATI USMAN',NULL,NULL,'445/12392/IPF.2/RS.AS','0000-00-00','SKCK/YANMAS/14031/XII/2017/SAT INTELKAM','0000-00-00',NULL,NULL,'0000-00-00',NULL,'0000-00-00',NULL,'0001545023406',NULL,'UP.11/99/2018',NULL,NULL,NULL,'A5EB03E21D0AF6A0E040640A040252AD','BANJARMASIN','Penata Muda','0000-00-00','00005839/LATSAR CPNS III/4011/017/LAN-BKN/2018','UP.3/9/2017','UP.33/9/2018',NULL,NULL),
('8ae4838d5dca6a05015dd3f3e75f1ab7','198509082018011001',NULL,'CATUR PRASETYA WIBOWO',NULL,'S.E.','KEDIRI','A5EB03E21F43F6A0E040640A040252AD','0000-00-00','Islam',1,'catur.pw@bkn.go.id','3506110809850001','WADAK KIDUL','081917566226','081917566226','01','PNS Pusat yang bekerja pada Departemen/Lembaga','01','Aktif','PNS','Pria','1','Kartu Tanda Penduduk','3506110809850001',NULL,'40','S-1/Sarjana','A5EB03E20C1AF6A0E040640A040252AD','S-1 MANAJEMEN','0000-00-00','0000-00-00','0000-00-00','0000-00-00','0000-00-00',NULL,'A5EB03E23B00F6A0E040640A040252AD','Badan Kepegawaian Negara','A5EB03E24348F6A0E040640A040252AD','Kantor Regional VIII BKN','08','Kantor Regional VIII BKN','A5EB03E23B00F6A0E040640A040252AD','Badan Kepegawaian Negara','4011','A5EB03E24348F6A0E040640A040252AD','Kantor Regional VIII BKN','8ae483a57224a634017259ddd73f0941','Subbagian Kepegawaian Kantor Regional VIII BKN Banjarmasin','8ae483a57224a634017259ddd73f093e','Kantor Regional VIII BKN Banjarmasin','2','FUNGSIONAL_TERTENTU','Analis Kepegawaian Pertama / Ahli Pertama',NULL,NULL,'A5EB03E23E31F6A0E040640A040252AD','Analis Kepegawaian Pertama / Ahli Pertama',NULL,NULL,'0000-00-00','A5EB03E21FFEF6A0E040640A040252AD','BANJARMASIN',31,'III/a',31,'III/a','0000-00-00','UP.11/95/2018',0,0,'0 tahun 0 bulan','Non Eselon','Non Eselon','Non Eselon','0000-00-00',NULL,'A5EB03E21D0AF6A0E040640A040252AD','BANJARMASIN','','','','','1','Menikah',0,'0000-00-00',' ISTIQOMAH KIFTIANA SARI',NULL,NULL,'812/N-MCU/RSUU','0000-00-00','SKCK/YANMAS/6608/XII/2017/SATINTELKAM','0000-00-00',NULL,NULL,'0000-00-00','478172943655000','0000-00-00',NULL,'0001637088355',NULL,'UP.11/95/2018',NULL,NULL,NULL,'A5EB03E21D0AF6A0E040640A040252AD','BANJARMASIN','Penata Muda','0000-00-00','00005772/LATSAR CPNS III/4011/017/LAN-BKN/2018','UP.3/9/2017','UP.33/9/2018','PT',NULL),
('8ae4838d5df5b34a015e337e22023283','199201202018011003',NULL,'ISNAN SYAMHUDI',NULL,'S.Kom.','JAKARTA','ff80808133b129d80133b4ab22e90ecc','0000-00-00','Islam',1,'isnansyamhudi@gmail.com','3175052001920003','JL. WARU NO.69','085780400543','0218412774','01','PNS Pusat yang bekerja pada Departemen/Lembaga','01','Aktif','PNS','Pria','1','Kartu Tanda Penduduk','3175052001920003',NULL,'40','S-1/Sarjana','A5EB03E20E4DF6A0E040640A040252AD','S-1 ILMU KOMPUTER','0000-00-00','0000-00-00','0000-00-00','0000-00-00','0000-00-00',NULL,'A5EB03E23B00F6A0E040640A040252AD','Badan Kepegawaian Negara','A5EB03E24348F6A0E040640A040252AD','Kantor Regional VIII BKN','08','Kantor Regional VIII BKN','A5EB03E23B00F6A0E040640A040252AD','Badan Kepegawaian Negara','4011','A5EB03E24348F6A0E040640A040252AD','Kantor Regional VIII BKN','A8ACA73A520C3912E040640A040269BB','SEKSI PENGOLAHAN DATA DAN DISEMINASI INFORMASI KEPEGAWAIAN','A8ACA73A51E83912E040640A040269BB','KANTOR REGIONAL VIII BKN','4','FUNGSIONAL_UMUM','PENGELOLA DATABASE',NULL,NULL,NULL,NULL,'A418D76E0C0BB891E040640A04021940','PENGELOLA DATABASE','0000-00-00','A5EB03E21FFEF6A0E040640A040252AD','BANJARMASIN',31,'III/a',31,'III/a','0000-00-00','UP.11/96/2018',0,0,'0 tahun 0 bulan','Non Eselon','Non Eselon','Non Eselon','0000-00-00',NULL,'A5EB03E21D0AF6A0E040640A040252AD','BANJARMASIN','','','','','4','Belum Kawin',0,'0000-00-00','DARWIN BELLYANTO',NULL,NULL,'TU.00.012.3170675','0000-00-00','SKCK/YANMAS/53359/XII/2017/RES.JAKTIM','0000-00-00',NULL,NULL,'0000-00-00','74.410.760.8-009.000','0000-00-00',NULL,'0002211332861',NULL,'UP.11/96/2018',NULL,NULL,NULL,'A5EB03E21D0AF6A0E040640A040252AD','BANJARMASIN','Penata Muda','0000-00-00','00005863/LATSAR CPNS III/4011/017/LAN-BKN/2018','UP.3/9/2017','UP.33/9/2018',NULL,NULL),
('A5EB042210D7F6A0E040640A040252AD','196604101984121001','260004353','SUTO HARSOYO',NULL,'SH','KEDIRI','A5EB03E220E3F6A0E040640A040252AD','0000-00-00','Islam',1,'harsoyo.suto@gmail.com','351518100466007','JL JATISARI GG.PALEM III/6 DESA PEPELEGI KEC WARU SDA','081331676112',NULL,'01','PNS Pusat yang bekerja pada Departemen/Lembaga','01','Aktif','PNS','Pria','1','Kartu Tanda Penduduk','351518100466007','D 145941','40','S-1/Sarjana','ff8080815123bf7a01513345e9d655a3','S-1 HUKUM','0000-00-00','0000-00-00','0000-00-00','0000-00-00','0000-00-00','SEPALA/ADUM/DIKLAT PIM TK.IV','A5EB03E23B00F6A0E040640A040252AD','Badan Kepegawaian Negara','A5EB03E24348F6A0E040640A040252AD','Kantor Regional VIII BKN','08','Kantor Regional VIII BKN','A5EB03E23B00F6A0E040640A040252AD','Badan Kepegawaian Negara','4011','A5EB03E24348F6A0E040640A040252AD','Kantor Regional VIII BKN','A8ACA73A51F83912E040640A040269BB','SEKSI MUTASI INSTANSI KABUPATEN/KOTA','A8ACA73A51E83912E040640A040269BB','KANTOR REGIONAL VIII BKN','1','STRUKTURAL','KEPALA SEKSI MUTASI INSTANSI KABUPATEN/KOTA','A8ACA73A51F83912E040640A040269BB','KEPALA SEKSI MUTASI INSTANSI KABUPATEN/KOTA',NULL,NULL,NULL,NULL,'0000-00-00','A5EB03E21F06F6A0E040640A040252AD','KALIMANTAN SELATAN',12,'I/b',34,'III/d','0000-00-00','UP.7a/Kol.4/1985',20,4,'20 tahun 4 bulan','IV.a','41','4','0000-00-00',NULL,'A5EB03E21EBFF6A0E040640A040252AD','BIRO KEUANGAN','','','','','1','Menikah',0,'0000-00-00',NULL,NULL,NULL,NULL,'0000-00-00',NULL,'0000-00-00',NULL,NULL,'0000-00-00','48.053.522.8-617.000','0000-00-00','027613 0 130302','1303030276130','61256','UP.7a/Kol.4/1985',NULL,NULL,NULL,'A5EB03E21EBFF6A0E040640A040252AD','BIRO KEUANGAN','Penata Tingkat I','0000-00-00','84178','UP.3/1/1985','UP.33/4/1986',NULL,'JABATAN PENGAWAS'),
('A5EB049405A0F6A0E040640A040252AD','198003272009121001',NULL,'DENY SETYAWAN',NULL,'SE, MM','BLITAR','A5EB03E22164F6A0E040640A040252AD','0000-00-00','Islam',1,'denybkn@gmail.com','3515132703800003','JL. ACHMAD V NO.14 PEPELEGI WARU SIDOARJO',NULL,NULL,'01','PNS Pusat yang bekerja pada Departemen/Lembaga','01','Aktif','PNS','Pria','1','Kartu Tanda Penduduk','3515132703800003','P 392428','45','S-2','A5EB03E21306F6A0E040640A040252AD','S-2 MAGISTER MANAJEMEN','0000-00-00','0000-00-00','0000-00-00','0000-00-00','0000-00-00','SEPALA/ADUM/DIKLAT PIM TK.IV','A5EB03E23B00F6A0E040640A040252AD','Badan Kepegawaian Negara','A5EB03E24348F6A0E040640A040252AD','Kantor Regional VIII BKN','08','Kantor Regional VIII BKN','A5EB03E23B00F6A0E040640A040252AD','Badan Kepegawaian Negara','4011','A5EB03E24348F6A0E040640A040252AD','Kantor Regional VIII BKN','8ae483a57224a634017259ddd73f0940','Subbagian Perencanaan dan Keuangan Kantor Regional VIII BKN Banjarmasin','8ae483a57224a634017259ddd73f093e','Kantor Regional VIII BKN Banjarmasin','1','STRUKTURAL','Kepala Subbagian Perencanaan dan Keuangan Kantor Regional VIII BKN Banjarmasin','8ae483a57224a634017259ddd73f0940','Kepala Subbagian Perencanaan dan Keuangan Kantor Regional VIII BKN Banjarmasin',NULL,NULL,NULL,NULL,'0000-00-00','A5EB03E21F82F6A0E040640A040252AD','BANJARBARU',31,'III/a',33,'III/c','0000-00-00',NULL,8,4,'8 tahun 4 bulan','IV.a','41','4','0000-00-00',NULL,'A5EB03E21D0AF6A0E040640A040252AD','BANJARMASIN','','','','','1','Menikah',0,'0000-00-00','445/241/409.206/2009',NULL,NULL,NULL,'0000-00-00',NULL,'0000-00-00',NULL,NULL,'0000-00-00','24.413.326.0.643.000','0000-00-00',NULL,'0000173555908',NULL,NULL,NULL,NULL,NULL,'A5EB03E21D0AF6A0E040640A040252AD','BANJARMASIN','Penata','0000-00-00',NULL,'UP.3/3/2009',NULL,NULL,'JABATAN PENGAWAS'),
('A8ACA74728FE3912E040640A040269BB','197211132006042013','190000522','ZURAIDA',NULL,NULL,'BANJARBARU','A5EB03E21F82F6A0E040640A040252AD','0000-00-00','Islam',1,'zuraida.nabil@gmail.com','3276015311720003','PERUMAHAN DEPOK MAHARAJA BLOK C I NO.3 DEPOK 16435','081291616107',NULL,'01','PNS Pusat yang bekerja pada Departemen/Lembaga','01','Aktif','PNS','Wanita','1','Kartu Tanda Penduduk','3276015311720003','N 006232','15','SLTA','8ae4828835e7acc60135ec38d56152b1','SMA IPS','0000-00-00','0000-00-00','0000-00-00','0000-00-00','0000-00-00',NULL,'A5EB03E23B00F6A0E040640A040252AD','Badan Kepegawaian Negara','A5EB03E24348F6A0E040640A040252AD','Kantor Regional VIII BKN','08','Kantor Regional VIII BKN','A5EB03E23B00F6A0E040640A040252AD','Badan Kepegawaian Negara','4011','A5EB03E24348F6A0E040640A040252AD','Kantor Regional VIII BKN','A8ACA73A51FE3912E040640A040269BB','SEKSI VERIFIKASI DAN PELAPORAN PENGANGKATAN DAN PENSIUN','A8ACA73A51E83912E040640A040269BB','KANTOR REGIONAL VIII BKN','4','FUNGSIONAL_UMUM','PENGADMINISTRASI KEPEGAWAIAN',NULL,NULL,NULL,NULL,'A418D76E079DB891E040640A04021940','PENGADMINISTRASI KEPEGAWAIAN','0000-00-00','A5EB03E21F82F6A0E040640A040252AD','BANJARBARU',21,'II/a',24,'II/d','0000-00-00','KP. 320/77/2006',13,6,'13 tahun 6 bulan','Non Eselon','Non Eselon','Non Eselon','0000-00-00',NULL,'A5EB03E21D0AF6A0E040640A040252AD','BANJARMASIN','','','','','1','Menikah',0,'0000-00-00','528/URIKKES/III/06',NULL,NULL,NULL,'0000-00-00',NULL,'0000-00-00',NULL,NULL,'0000-00-00','687392258412000','0000-00-00',NULL,'0000040457114',NULL,'KP. 320/77/2006',NULL,NULL,NULL,'A5EB03E21D0AF6A0E040640A040252AD','BANJARMASIN','Pengatur Tingkat I','0000-00-00','30.091/II.28/Diklat Prajab II/LAN/2007','509 Tahun 2006','182 Tahun 2007',NULL,NULL),
('A8ACA749F6713912E040640A040269BB','196311111983031001','260003441','ARI BUDIARSO',NULL,'S.H.','JAKARTA','A5EB03E21F05F6A0E040640A040252AD','0000-00-00','Islam',1,'budiarso.ari@gmail.com','3275091111630017','JL.JAMBU   24   ANGKASA   PURI    JATI  MEKAR','081287717663','-','01','PNS Pusat yang bekerja pada Departemen/Lembaga','01','Aktif','PNS','Pria','1','Kartu Tanda Penduduk','3275091111630017','C 0844504','40','S-1/Sarjana','A5EB03E21362F6A0E040640A040252AD','S-1 HUKUM KEPERDATAAN','0000-00-00','0000-00-00','0000-00-00','0000-00-00','0000-00-00',NULL,'A5EB03E23B00F6A0E040640A040252AD','Badan Kepegawaian Negara','A5EB03E24348F6A0E040640A040252AD','Kantor Regional VIII BKN','08','Kantor Regional VIII BKN','A5EB03E23B00F6A0E040640A040252AD','Badan Kepegawaian Negara','4011','A5EB03E24348F6A0E040640A040252AD','Kantor Regional VIII BKN','A8ACA73A52063912E040640A040269BB','BIDANG INFORMASI KEPEGAWAIAN','A8ACA73A51E83912E040640A040269BB','KANTOR REGIONAL VIII BKN','1','STRUKTURAL','KEPALA BIDANG INFORMASI KEPEGAWAIAN','A8ACA73A52063912E040640A040269BB','KEPALA BIDANG INFORMASI KEPEGAWAIAN',NULL,NULL,NULL,NULL,'0000-00-00','A5EB03E21FFEF6A0E040640A040252AD','BANJARMASIN',21,'II/a',42,'IV/b','0000-00-00',NULL,24,1,'24 tahun 1 bulan','III.a','31','3','0000-00-00',NULL,'A5EB03E21D0AF6A0E040640A040252AD','BANJARMASIN','A5EB03E21EF0F6A0E040640A040252AD','Jakarta             ','','','1','Menikah',0,'0000-00-00',NULL,NULL,NULL,NULL,'0000-00-00',NULL,'0000-00-00',NULL,NULL,'0000-00-00','58.489.583.3.432.000','0000-00-00','032703 0 101403','0000036120036','17422',NULL,NULL,NULL,NULL,'A5EB03E21D0AF6A0E040640A040252AD','BANJARMASIN','Pembina Tingkat I','0000-00-00',NULL,'UP.3/2/1983','UP.33/5/1984',NULL,'JABATAN ADMINISTRATOR'),
('A8ACA751BF473912E040640A040269BB','198704052010121001',NULL,'NURHAJI WIJAYA',NULL,'SH','MADIUN','A5EB03E2201DF6A0E040640A040252AD','0000-00-00','Islam',1,'nurhajiwijaya@gmail.com','3519020504870002','PERUMAHAN DINAS KANTOR REGIONAL VIII BKN BANJARMASIN JL. BHAYANGKARA NO. 1 BANJARBARU','081280409944',NULL,'01','PNS Pusat yang bekerja pada Departemen/Lembaga','01','Aktif','PNS','Pria','1','Kartu Tanda Penduduk','3519020504870002','Q 027396','40','S-1/Sarjana','ff8080815123bf7a0151334af571596a','S-1 ILMU HUKUM','0000-00-00','0000-00-00','0000-00-00','0000-00-00','0000-00-00','SEPALA/ADUM/DIKLAT PIM TK.IV','A5EB03E23B00F6A0E040640A040252AD','Badan Kepegawaian Negara','A5EB03E24348F6A0E040640A040252AD','Kantor Regional VIII BKN','08','Kantor Regional VIII BKN','A5EB03E23B00F6A0E040640A040252AD','Badan Kepegawaian Negara','4011','A5EB03E24348F6A0E040640A040252AD','Kantor Regional VIII BKN','A8ACA73A51F43912E040640A040269BB','SEKSI VERIFIKASI DAN PELAPORAN MUTASI DAN STATUS KEPEGAWAIAN','A8ACA73A51E83912E040640A040269BB','KANTOR REGIONAL VIII BKN','1','STRUKTURAL','KEPALA SEKSI VERIFIKASI DAN PELAPORAN MUTASI DAN STATUS KEPEGAWAIAN','A8ACA73A51F43912E040640A040269BB','KEPALA SEKSI VERIFIKASI DAN PELAPORAN MUTASI DAN STATUS KEPEGAWAIAN',NULL,NULL,NULL,NULL,'0000-00-00','A5EB03E21F82F6A0E040640A040252AD','BANJARBARU',31,'III/a',33,'III/c','0000-00-00',NULL,8,4,'8 tahun 4 bulan','IV.a','41','4','0000-00-00',NULL,'A5EB03E21D0AF6A0E040640A040252AD','BANJARMASIN','','','','','1','Menikah',0,'0000-00-00','812/1340/307/MCU/2010',NULL,NULL,NULL,'0000-00-00',NULL,'0000-00-00',NULL,NULL,'0000-00-00','577320153621000','0000-00-00',NULL,'0000201896032',NULL,NULL,NULL,NULL,NULL,'A5EB03E21D0AF6A0E040640A040252AD','BANJARMASIN','Penata','0000-00-00','73.144/II.37/DIKLAT PRAJAB III/LAN/2011','UP.3/1/2010','UP.33/1/2012',NULL,'JABATAN PENGAWAS'),
('A8ACA75DF5173912E040640A040269BB','196802111987111001','260005717','EKO SAPUTRO',NULL,'S.Sos.','YOGYAKARTA','A5EB03E2203EF6A0E040640A040252AD','0000-00-00','Islam',1,'ekosaputrobkn8@gmail.com','3401031102680001','PENDUKUHAN I KREMBANGAN RT.01/01 PANJATAN, KULONPROGO','081392318339',NULL,'01','PNS Pusat yang bekerja pada Departemen/Lembaga','01','Aktif','PNS','Pria','1','Kartu Tanda Penduduk','3401031102680001','E 371698','40','S-1/Sarjana','ff808081513cb660015146aeef9b6edd','S-1 ADMINISTRASI NEGARA','0000-00-00','0000-00-00','0000-00-00','0000-00-00','0000-00-00','SEPALA/ADUM/DIKLAT PIM TK.IV','A5EB03E23B00F6A0E040640A040252AD','Badan Kepegawaian Negara','A5EB03E24348F6A0E040640A040252AD','Kantor Regional VIII BKN','08','Kantor Regional VIII BKN','A5EB03E23B00F6A0E040640A040252AD','Badan Kepegawaian Negara','4011','A5EB03E24348F6A0E040640A040252AD','Kantor Regional VIII BKN','A8ACA73A52143912E040640A040269BB','SEKSI FASILITASI KINERJA','A8ACA73A51E83912E040640A040269BB','KANTOR REGIONAL VIII BKN','1','STRUKTURAL','KEPALA SEKSI FASILITASI KINERJA','A8ACA73A52143912E040640A040269BB','KEPALA SEKSI FASILITASI KINERJA',NULL,NULL,NULL,NULL,'0000-00-00','A5EB03E21FFEF6A0E040640A040252AD','BANJARMASIN',21,'II/a',34,'III/d','0000-00-00','-',23,11,'23 tahun 11 bulan','IV.a','41','4','0000-00-00',NULL,'A5EB03E21D0AF6A0E040640A040252AD','BANJARMASIN','','','','','1','Menikah',0,'0000-00-00',NULL,NULL,NULL,NULL,'0000-00-00',NULL,'0000-00-00',NULL,NULL,'0000-00-00','47.671.584.2.','0000-00-00','007747.2 120502','0000095766208','55655','-',NULL,NULL,NULL,'A5EB03E21D0AF6A0E040640A040252AD','BANJARMASIN','Penata Tingkat I','0000-00-00','238/LPJ.I/1988','up.3/3/1987','up.33/3/1988',NULL,'JABATAN PENGAWAS'),
('A8ACA7A319713912E040640A040269BB','196309241985031001','260004639','BUDI UTOMO',NULL,'S.Sos','JAKARTA','A5EB03E21F05F6A0E040640A040252AD','0000-00-00','Islam',1,'mahendranatanegara@gmail.com','7171082409630002','LINGKUNGAN IX, RT/RW: -/009, KELURAHAN PANIKI BAWAH, KECAMATAN MAPANGET, KOTA MANADO, SULAWESI UTARA.',NULL,NULL,'01','PNS Pusat yang bekerja pada Departemen/Lembaga','01','Aktif','PNS','Pria','1','Kartu Tanda Penduduk','7171082409630002','D 374422','40','S-1/Sarjana','ff8080815133783a01513888c3d71588','S-1 ILMU ADMINISTRASI NEGARA','0000-00-00','0000-00-00','0000-00-00','0000-00-00','0000-00-00','SEPALA/ADUM/DIKLAT PIM TK.IV','A5EB03E23B00F6A0E040640A040252AD','Badan Kepegawaian Negara','A5EB03E24348F6A0E040640A040252AD','Kantor Regional VIII BKN','08','Kantor Regional VIII BKN','A5EB03E23B00F6A0E040640A040252AD','Badan Kepegawaian Negara','4011','A5EB03E24348F6A0E040640A040252AD','Kantor Regional VIII BKN','A8ACA73A51FC3912E040640A040269BB','BIDANG PENGANGKATAN DAN PENSIUN','A8ACA73A51E83912E040640A040269BB','KANTOR REGIONAL VIII BKN','1','STRUKTURAL','KEPALA BIDANG PENGANGKATAN DAN PENSIUN','A8ACA73A51FC3912E040640A040269BB','KEPALA BIDANG PENGANGKATAN DAN PENSIUN',NULL,NULL,NULL,NULL,'0000-00-00','A5EB03E21F82F6A0E040640A040252AD','BANJARBARU',21,'II/a',41,'IV/a','0000-00-00',NULL,28,7,'28 tahun 7 bulan','III.a','31','3','0000-00-00',NULL,'A5EB03E21D0AF6A0E040640A040252AD','BANJARMASIN','','','','','1','Menikah',0,'0000-00-00',NULL,NULL,NULL,NULL,'0000-00-00',NULL,'0000-00-00',NULL,NULL,'0000-00-00','68.238.539.8821.000','0000-00-00','0328816  180102','0328816  180102','90241',NULL,NULL,NULL,NULL,'A5EB03E21D0AF6A0E040640A040252AD','BANJARMASIN','Pembina','0000-00-00',NULL,'UP.3/6/1985','UP.33/1/1987',NULL,'JABATAN ADMINISTRATOR'),
('A8ACA7A345CD3912E040640A040269BB','197302161994031001','260006313','ANDI HIKMAL',NULL,'S.Sos','UJUNG PANDANG','8ae4829636068036013609db18be636e','0000-00-00','Islam',1,'andi_hikmal@yahoo.co.id','6372061602730003','KOMP. BKN JL. BHAYANGKARA NO. 1 SEI BESAR BANJARBARU 70714','-','-','01','PNS Pusat yang bekerja pada Departemen/Lembaga','01','Aktif','PNS','Pria','1','Kartu Tanda Penduduk','6372061602730003','G 170313','40','S-1/Sarjana','ff808081513cb660015146aeef9b6edd','S-1 ADMINISTRASI NEGARA','0000-00-00','0000-00-00','0000-00-00','0000-00-00','0000-00-00',NULL,'A5EB03E23B00F6A0E040640A040252AD','Badan Kepegawaian Negara','A5EB03E24348F6A0E040640A040252AD','Kantor Regional VIII BKN','08','Kantor Regional VIII BKN','A5EB03E23B00F6A0E040640A040252AD','Badan Kepegawaian Negara','4011','A5EB03E24348F6A0E040640A040252AD','Kantor Regional VIII BKN','8ae483a57224a634017259ddd73f0943','Bidang Mutasi dan Status Kepegawaian Kantor Regional VIII BKN Banjarmasin','8ae483a57224a634017259ddd73f093e','Kantor Regional VIII BKN Banjarmasin','1','STRUKTURAL','Kepala Bidang Mutasi dan Status Kepegawaian Kantor Regional VIII BKN Banjarmasin','8ae483a57224a634017259ddd73f0943','Kepala Bidang Mutasi dan Status Kepegawaian Kantor Regional VIII BKN Banjarmasin',NULL,NULL,NULL,NULL,'0000-00-00','A5EB03E21FFEF6A0E040640A040252AD','BANJARMASIN',21,'II/a',34,'III/d','0000-00-00',NULL,15,1,'15 tahun 1 bulan','III.a','31','3','0000-00-00',NULL,'A5EB03E21D0AF6A0E040640A040252AD','BANJARMASIN','','','','','1','Menikah',0,'0000-00-00',NULL,NULL,NULL,NULL,'0000-00-00',NULL,'0000-00-00',NULL,NULL,'0000-00-00','144581154809000','0000-00-00','008195 1 180403','008195 1 180403','90511',NULL,NULL,NULL,NULL,'A5EB03E21D0AF6A0E040640A040252AD','BANJARMASIN','Penata Tingkat I','0000-00-00','0','UP.3/4/1994','UP.33/4/1995',NULL,'JABATAN ADMINISTRATOR'),
('A8ACA7B97B163912E040640A040269BB','196411291984122001','260004030','HAMIDAH','Hj.',NULL,'JAKARTA','A5EB03E21F05F6A0E040640A040252AD','0000-00-00','Islam',1,'hafizida1964@yahoo.co.id','3174086911640003','JL .AKUISTIK  KAV DKI BLOK.D/20 RT.005/008 CIPAYUNG',NULL,NULL,'01','PNS Pusat yang bekerja pada Departemen/Lembaga','01','Aktif','PNS','Wanita','1','Kartu Tanda Penduduk','3174086911640003','D  184752','15','SLTA','ff8080813b3cbab6013b64bcfcc020cc','SLTA','0000-00-00','0000-00-00','0000-00-00','0000-00-00','0000-00-00',NULL,'A5EB03E23B00F6A0E040640A040252AD','Badan Kepegawaian Negara','A5EB03E24348F6A0E040640A040252AD','Kantor Regional VIII BKN','08','Kantor Regional VIII BKN','A5EB03E23B00F6A0E040640A040252AD','Badan Kepegawaian Negara','4011','A5EB03E24348F6A0E040640A040252AD','Kantor Regional VIII BKN','A8ACA73A52043912E040640A040269BB','SEKSI PENGANGKATAN APARATUR SIPIL NEGARA','A8ACA73A51E83912E040640A040269BB','KANTOR REGIONAL VIII BKN','2','FUNGSIONAL_TERTENTU','Analis Kepegawaian Penyelia',NULL,NULL,'A5EB03E23E32F6A0E040640A040252AD','Analis Kepegawaian Penyelia',NULL,NULL,'0000-00-00','A5EB03E21F05F6A0E040640A040252AD','JAKARTA',21,'II/a',34,'III/d','0000-00-00',NULL,29,4,'29 tahun 4 bulan','Non Eselon','Non Eselon','Non Eselon','0000-00-00',NULL,'A5EB03E21D0AF6A0E040640A040252AD','BANJARMASIN','A5EB03E21EF7F6A0E040640A040252AD','Banjarmasin         ','','','1','Menikah',0,'0000-00-00',NULL,NULL,NULL,NULL,'0000-00-00',NULL,'0000-00-00',NULL,NULL,'0000-00-00','57.466.916.4.061.000','0000-00-00','0081821  090202','0000043700512','13840',NULL,NULL,NULL,NULL,'A5EB03E21D0AF6A0E040640A040252AD','BANJARMASIN','Penata Tingkat I','0000-00-00',NULL,'UP.3/9/1984','UP.33/9/1986','PY',NULL),
('A8ACA7D9ECC33912E040640A040269BB','197403162005022001','260006903','NITA VIBRIYANTI SITUMORANG',NULL,'S.AP., M.Si.','BANDUNG','A5EB03E21F69F6A0E040640A040252AD','0000-00-00','Islam',1,'nitavibri@gmail.com','6372055603740002','JL. KENARI NO. 1A RT. 03 RW. 05 KEL. KOMET KEC. BANJARBARU UTARA KOTA BANJARBARU PROP. KALIMANTAN SELATAN',NULL,NULL,'01','PNS Pusat yang bekerja pada Departemen/Lembaga','01','Aktif','PNS','Wanita','1','Kartu Tanda Penduduk','6372055603740002','M 153531','45','S-2','ff8080813576557501357b9294b6220a','S-2 ADMINISTRASI PEMBANGUNAN','0000-00-00','0000-00-00','0000-00-00','0000-00-00','0000-00-00',NULL,'A5EB03E23B00F6A0E040640A040252AD','Badan Kepegawaian Negara','A5EB03E24348F6A0E040640A040252AD','Kantor Regional VIII BKN','08','Kantor Regional VIII BKN','A5EB03E23B00F6A0E040640A040252AD','Badan Kepegawaian Negara','4011','A5EB03E24348F6A0E040640A040252AD','Kantor Regional VIII BKN','A8ACA73A52083912E040640A040269BB','SEKSI PENGELOLAAN ARSIP KEPEGAWAIAN INSTANSI VERTIKAL DAN PROVINSI','A8ACA73A51E83912E040640A040269BB','KANTOR REGIONAL VIII BKN','2','FUNGSIONAL_TERTENTU','Analis Kepegawaian Muda / Ahli Muda',NULL,NULL,'A5EB03E23E30F6A0E040640A040252AD','Analis Kepegawaian Muda / Ahli Muda',NULL,NULL,'0000-00-00','A5EB03E21FFEF6A0E040640A040252AD','BANJARMASIN',23,'II/c',33,'III/c','0000-00-00',NULL,12,2,'12 tahun 2 bulan','Non Eselon','Non Eselon','Non Eselon','0000-00-00',NULL,'A5EB03E21D0AF6A0E040640A040252AD','BANJARMASIN','A5EB03E21EF7F6A0E040640A040252AD','Banjarmasin         ','','','1','Menikah',0,'0000-00-00','34/SKK/RSUD/2005',NULL,NULL,NULL,'0000-00-00','188/SKCK/I/2005/SAT','0000-00-00',NULL,NULL,'0000-00-00','77.713.462.8.732.000','0000-00-00',NULL,'0000123340623',NULL,NULL,NULL,NULL,NULL,'A5EB03E21D0AF6A0E040640A040252AD','BANJARMASIN','Penata','0000-00-00','409/LPJ.II/BANDIKLATDA/2005','UP.3/2/2005','UP.33/3/2006','MU',NULL),
('A8ACA7D9EEB53912E040640A040269BB','197707012005022001','260006913','HERAWATI',NULL,'S.Sos','BANJARMASIN','A5EB03E21FFEF6A0E040640A040252AD','0000-00-00','Islam',1,'herawatibkn@gmail.com','6372064107770003','KOMPL. GRIYA INDAH 2 BLOK D. 8 BANJARBARU',NULL,NULL,'01','PNS Pusat yang bekerja pada Departemen/Lembaga','01','Aktif','PNS','Wanita','1','Kartu Tanda Penduduk','6372064107770003','M 097364','40','S-1/Sarjana','ff808081513cb660015146aeef9b6edd','S-1 ADMINISTRASI NEGARA','0000-00-00','0000-00-00','0000-00-00','0000-00-00','0000-00-00',NULL,'A5EB03E23B00F6A0E040640A040252AD','Badan Kepegawaian Negara','A5EB03E240F7F6A0E040640A040252AD','Badan Kepegawaian Negara  ','08','Kantor Regional VIII BKN','A5EB03E23B00F6A0E040640A040252AD','Badan Kepegawaian Negara','4011','A5EB03E24348F6A0E040640A040252AD','Kantor Regional VIII BKN','8ae483a57224a634017259ddd7400946','Seksi Mutasi Instansi Kabupaten/Kota Kantor Regional VIII BKN Banjarmasin','8ae483a57224a634017259ddd73f093e','Kantor Regional VIII BKN Banjarmasin','2','FUNGSIONAL_TERTENTU','Analis Kepegawaian Pertama / Ahli Pertama',NULL,NULL,'A5EB03E23E31F6A0E040640A040252AD','Analis Kepegawaian Pertama / Ahli Pertama',NULL,NULL,'0000-00-00','A5EB03E21F82F6A0E040640A040252AD','BANJARBARU',21,'II/a',32,'III/b','0000-00-00',NULL,6,8,'6 tahun 8 bulan','Non Eselon','Non Eselon','Non Eselon','0000-00-00',NULL,'A5EB03E21D0AF6A0E040640A040252AD','BANJARMASIN','A5EB03E21EF7F6A0E040640A040252AD','Banjarmasin         ','','','1','Menikah',0,'0000-00-00','1019/PKM-BB/XI/2004',NULL,NULL,NULL,'0000-00-00','3762/SKCK/XI/2004/SAT INTELKAM','0000-00-00',NULL,NULL,'0000-00-00','77.713.491.7-732.000','0000-00-00',NULL,'0000123340162',NULL,NULL,NULL,NULL,NULL,'A5EB03E21D0AF6A0E040640A040252AD','BANJARMASIN','Penata Muda Tingkat I','0000-00-00','734/LPJ.II/BANDIKLADA/2005','UP.3/2/2005','UP.33/2/2006','PT',NULL),
('A8ACA7DA169C3912E040640A040269BB','198208072005021001','260006912','FAHRURRAZI',NULL,NULL,'BANJARMASIN','A5EB03E21FFEF6A0E040640A040252AD','0000-00-00','Islam',1,'julakbakul@gmail.com','6303050708820007','KOMP. WIJAYA PERMAI RT.1 SUNGAI PARING MARTAPURA',NULL,NULL,'01','PNS Pusat yang bekerja pada Departemen/Lembaga','01','Aktif','PNS','Pria','1','Kartu Tanda Penduduk','6303050708820007','M 097360','15','SLTA','A5EB03E218AEF6A0E040640A040252AD','SMU IPS','0000-00-00','0000-00-00','0000-00-00','0000-00-00','0000-00-00',NULL,'A5EB03E23B00F6A0E040640A040252AD','Badan Kepegawaian Negara','A5EB03E24348F6A0E040640A040252AD','Kantor Regional VIII BKN','08','Kantor Regional VIII BKN','A5EB03E23B00F6A0E040640A040252AD','Badan Kepegawaian Negara','4011','A5EB03E24348F6A0E040640A040252AD','Kantor Regional VIII BKN','8ae483a57224a634017259ddd7400949','Seksi Verifikasi dan Pelaporan Pengangkatan dan Pensiun Kantor Regional VIII BKN Banjarmasin','8ae483a57224a634017259ddd73f093e','Kantor Regional VIII BKN Banjarmasin','4','FUNGSIONAL_UMUM','PENGADMINISTRASI KEPEGAWAIAN',NULL,NULL,NULL,NULL,'A418D76E079DB891E040640A04021940','PENGADMINISTRASI KEPEGAWAIAN','0000-00-00','A5EB03E21FFEF6A0E040640A040252AD','BANJARMASIN',21,'II/a',24,'II/d','0000-00-00',NULL,12,2,'12 tahun 2 bulan','Non Eselon','Non Eselon','Non Eselon','0000-00-00',NULL,'A5EB03E21D0AF6A0E040640A040252AD','BANJARMASIN','','','','','1','Menikah',0,'0000-00-00','109/PKM-MTP/SKK/I/2005',NULL,NULL,NULL,'0000-00-00','SKCK/163/I/2005','0000-00-00',NULL,NULL,'0000-00-00','77.713.466.9.732.000','0000-00-00',NULL,'0000123340072',NULL,NULL,NULL,NULL,NULL,'A5EB03E21D0AF6A0E040640A040252AD','BANJARMASIN','Pengatur Tingkat I','0000-00-00','733/LPJ.II/BANDIKLATDA/2005','UP.3/2/2005','UP.33/2/2006',NULL,NULL),
('A8ACA7DA29573912E040640A040269BB','197810192005022001','260006910','PUSPASARI',NULL,'SE., M.A','BARITO KUALA','A5EB03E21FECF6A0E040640A040252AD','0000-00-00','Islam',1,'ladykusumah78@gmail.com','6372055910780002','JL. KARANG ANYAR GG KARANG NUSA NO. 44 A BANJARBARU','08115007669','08115012978','01','PNS Pusat yang bekerja pada Departemen/Lembaga','01','Aktif','PNS','Wanita','1','Kartu Tanda Penduduk','6372055910780002','M 097357','45','S-2','ff8080813f13dd4e013f2d58556016b4','S-2 MAGISTER ADMINISTRASI','0000-00-00','0000-00-00','0000-00-00','0000-00-00','0000-00-00','SEPALA/ADUM/DIKLAT PIM TK.IV','A5EB03E23B00F6A0E040640A040252AD','Badan Kepegawaian Negara','A5EB03E24348F6A0E040640A040252AD','Kantor Regional VIII BKN','08','Kantor Regional VIII BKN','A5EB03E23B00F6A0E040640A040252AD','Badan Kepegawaian Negara','4011','A5EB03E24348F6A0E040640A040252AD','Kantor Regional VIII BKN','A8ACA73A51FA3912E040640A040269BB','SEKSI STATUS KEPEGAWAIAN','A8ACA73A51E83912E040640A040269BB','KANTOR REGIONAL VIII BKN','1','STRUKTURAL','KEPALA SEKSI STATUS KEPEGAWAIAN','A8ACA73A51FA3912E040640A040269BB','KEPALA SEKSI STATUS KEPEGAWAIAN',NULL,NULL,NULL,NULL,'0000-00-00','A5EB03E21FFEF6A0E040640A040252AD','BANJARMASIN',21,'II/a',34,'III/d','0000-00-00',NULL,12,3,'12 tahun 3 bulan','IV.a','41','4','0000-00-00',NULL,'A5EB03E21D0AF6A0E040640A040252AD','BANJARMASIN','','','','','1','Menikah',0,'0000-00-00','120/PKM-BB/I/2005',NULL,NULL,NULL,'0000-00-00','147/SKCK/I/2005','0000-00-00',NULL,NULL,'0000-00-00','58.827.676.6-732.000','0000-00-00','0001624398895','0001624398895',NULL,NULL,NULL,NULL,NULL,'A5EB03E21D0AF6A0E040640A040252AD','BANJARMASIN','Penata Tingkat I','0000-00-00','729/LPJ.II/BANDIKLATDA/2005','UP.3/2/2005','UP.33/2/2006',NULL,'JABATAN PENGAWAS'),
('A8ACA7DA5EFE3912E040640A040269BB','197601222005022001','260006906','ARI SUMARTI',NULL,' S.AP','BANJARBARU','A5EB03E21F82F6A0E040640A040252AD','0000-00-00','Islam',1,'asumarti@gmail.com','6372056201760001','JL. KEBUN KARET GG JOJALI NO 34 LOKTABAT BANJARBARU','085332172276',NULL,'01','PNS Pusat yang bekerja pada Departemen/Lembaga','01','Aktif','PNS','Wanita','1','Kartu Tanda Penduduk','6372056201760001','M 097356 / 138910 MN','40','S-1/Sarjana','ff8080815123bf7a0151334975155882','S-1 ILMU ADMINISTRASI NEGARA','0000-00-00','0000-00-00','0000-00-00','0000-00-00','0000-00-00',NULL,'A5EB03E23B00F6A0E040640A040252AD','Badan Kepegawaian Negara','A5EB03E24348F6A0E040640A040252AD','Kantor Regional VIII BKN','08','Kantor Regional VIII BKN','A5EB03E23B00F6A0E040640A040252AD','Badan Kepegawaian Negara','4011','A5EB03E24348F6A0E040640A040252AD','Kantor Regional VIII BKN','A8ACA73A51F43912E040640A040269BB','SEKSI VERIFIKASI DAN PELAPORAN MUTASI DAN STATUS KEPEGAWAIAN','A8ACA73A51E83912E040640A040269BB','KANTOR REGIONAL VIII BKN','4','FUNGSIONAL_UMUM','PENGADMINISTRASI KEPEGAWAIAN',NULL,NULL,NULL,NULL,'A418D76E079DB891E040640A04021940','PENGADMINISTRASI KEPEGAWAIAN','0000-00-00','A5EB03E21FFEF6A0E040640A040252AD','BANJARMASIN',21,'II/a',31,'III/a','0000-00-00',NULL,9,8,'9 tahun 8 bulan','Non Eselon','Non Eselon','Non Eselon','0000-00-00',NULL,'A5EB03E21D0AF6A0E040640A040252AD','BANJARMASIN','','','','','1','Menikah',0,'0000-00-00','810/45/TU-MR/I/2005',NULL,NULL,NULL,'0000-00-00','176/SKCK/I/2005/SAT INTELKAM','0000-00-00',NULL,NULL,'0000-00-00','77.713.472.7.732.000','0000-00-00',NULL,'0000123339925',NULL,NULL,NULL,NULL,NULL,'A5EB03E21D0AF6A0E040640A040252AD','BANJARMASIN','Penata Muda','0000-00-00','727/LPJ.II/BANDIKLADA/2005','UP.3/2/2005','UP.33/2/2006',NULL,NULL),
('A8ACA7DA5F7E3912E040640A040269BB','197711182005022001','260006911','LINDA PUSPANINGSIH',NULL,' S.AP.','BANJAR','A5EB03E21FEBF6A0E040640A040252AD','0000-00-00','Islam',1,'li3ndhaahmad@gmail.com','6372045811770001','KOMP. SINAR LESTARI NO. A22 JL. SUKAMARA LANDASAN ULIN UTARA BANJARBARU','081348150946',NULL,'01','PNS Pusat yang bekerja pada Departemen/Lembaga','01','Aktif','PNS','Wanita','1','Kartu Tanda Penduduk','6372045811770001','M 097359 / 008742 MN','40','S-1/Sarjana','8ae4828752202e5801522fa681350be2','S-1 ILMU ADMINISTRASI NEGARA','0000-00-00','0000-00-00','0000-00-00','0000-00-00','0000-00-00',NULL,'A5EB03E23B00F6A0E040640A040252AD','Badan Kepegawaian Negara','A5EB03E24348F6A0E040640A040252AD','Kantor Regional VIII BKN','08','Kantor Regional VIII BKN','A5EB03E23B00F6A0E040640A040252AD','Badan Kepegawaian Negara','4011','A5EB03E24348F6A0E040640A040252AD','Kantor Regional VIII BKN','A8ACA73A51FE3912E040640A040269BB','SEKSI VERIFIKASI DAN PELAPORAN PENGANGKATAN DAN PENSIUN','A8ACA73A51E83912E040640A040269BB','KANTOR REGIONAL VIII BKN','2','FUNGSIONAL_TERTENTU','Analis Kepegawaian Pelaksana Lanjutan / Mahir',NULL,NULL,'A5EB03E23E33F6A0E040640A040252AD','Analis Kepegawaian Pelaksana Lanjutan / Mahir',NULL,NULL,'0000-00-00','A5EB03E21FFEF6A0E040640A040252AD','BANJARMASIN',21,'II/a',31,'III/a','0000-00-00',NULL,12,4,'12 tahun 4 bulan','Non Eselon','Non Eselon','Non Eselon','0000-00-00',NULL,'A5EB03E21D0AF6A0E040640A040252AD','BANJARMASIN','','','','','1','Menikah',0,'0000-00-00','810/41/TU.MR/I/2005',NULL,NULL,NULL,'0000-00-00','SKCK/161/II/2005','0000-00-00',NULL,NULL,'0000-00-00','77.713.481.8-732.000','0000-00-00',NULL,'0000123340408',NULL,NULL,NULL,NULL,NULL,'A5EB03E21D0AF6A0E040640A040252AD','BANJARMASIN','Penata Muda','0000-00-00','732/LPJ.II/BANDUKLATDA/2005','UP.3/2/2005','UP.33/2/2006','MH',NULL),
('A8ACA7DA76553912E040640A040269BB','197703192005021001','260006905','MUHAMMAD NOOR ARIFIN',NULL,'A.Md','BANJARBARU','A5EB03E21F82F6A0E040640A040252AD','0000-00-00','Islam',1,'soviearifin@gmail.com','6372051903770001','JL.MARKISA KOMP.PONDOK BUMI LESTARI BLOK J 3 RT.27/06 SEI ULIN BANJARBARU UTARA 70714','081953001185',NULL,'01','PNS Pusat yang bekerja pada Departemen/Lembaga','01','Aktif','PNS','Pria','1','Kartu Tanda Penduduk','6372051903770001','M 097355','30','Diploma III/Sarjana ','ff808081513cb660015147c22485021a','D-III MANAJEMEN INFORMATIKA','0000-00-00','0000-00-00','0000-00-00','0000-00-00','0000-00-00',NULL,'A5EB03E23B00F6A0E040640A040252AD','Badan Kepegawaian Negara','A5EB03E24348F6A0E040640A040252AD','Kantor Regional VIII BKN','08','Kantor Regional VIII BKN','A5EB03E23B00F6A0E040640A040252AD','Badan Kepegawaian Negara','4011','A5EB03E24348F6A0E040640A040252AD','Kantor Regional VIII BKN','A8ACA73A520A3912E040640A040269BB','SEKSI PENGELOLAAN ARSIP KEPEGAWAIAN INSTANSI KABUPATEN/KOTA','A8ACA73A51E83912E040640A040269BB','KANTOR REGIONAL VIII BKN','2','FUNGSIONAL_TERTENTU','Analis Kepegawaian Penyelia',NULL,NULL,'A5EB03E23E32F6A0E040640A040252AD','Analis Kepegawaian Penyelia',NULL,NULL,'0000-00-00','A5EB03E21FFEF6A0E040640A040252AD','BANJARMASIN',23,'II/c',33,'III/c','0000-00-00',NULL,13,2,'13 tahun 2 bulan','Non Eselon','Non Eselon','Non Eselon','0000-00-00',NULL,'A5EB03E21D0AF6A0E040640A040252AD','BANJARMASIN','','','','','1','Menikah',0,'0000-00-00','176/SKK/PKM-SB/XI/2004',NULL,NULL,NULL,'0000-00-00','3829/SKCK/XI/2004/SAT INTELKAM','0000-00-00',NULL,NULL,'0000-00-00','77.713.468.5.732.000','0000-00-00','0000123340555','0000123340555',NULL,NULL,NULL,NULL,NULL,'A5EB03E21D0AF6A0E040640A040252AD','BANJARMASIN','Penata','0000-00-00','410/LPJ.II/BANDIKLATDA/2005','UP.3/2/2005','UP.33/2/2006','PY',NULL),
('A8ACA7DAB6F03912E040640A040269BB','197401302005022001','260006902','HOSPITA GLORIA SITUMORANG',NULL,'S.H., MAP','DELI SERDANG','A5EB03E21F72F6A0E040640A040252AD','0000-00-00','Kristen',2,'ria_situmorang74@yahoo.co.id','6372057001740002','KOMP. PERMATA HIJAU BANJARBARU',NULL,NULL,'01','PNS Pusat yang bekerja pada Departemen/Lembaga','01','Aktif','PNS','Wanita','1','Kartu Tanda Penduduk','6372057001740002','M 097353','45','S-2','A5EB03E217A1F6A0E040640A040252AD','S-2 ADMINISTRASI PUBLIK','0000-00-00','0000-00-00','0000-00-00','0000-00-00','0000-00-00','SEPALA/ADUM/DIKLAT PIM TK.IV','A5EB03E23B00F6A0E040640A040252AD','Badan Kepegawaian Negara','A5EB03E24348F6A0E040640A040252AD','Kantor Regional VIII BKN','08','Kantor Regional VIII BKN','A5EB03E23B00F6A0E040640A040252AD','Badan Kepegawaian Negara','4011','A5EB03E24348F6A0E040640A040252AD','Kantor Regional VIII BKN','A8ACA73A51EA3912E040640A040269BB','BAGIAN TATA USAHA','A8ACA73A51E83912E040640A040269BB','KANTOR REGIONAL VIII BKN','1','STRUKTURAL','KEPALA BAGIAN TATA USAHA','A8ACA73A51EA3912E040640A040269BB','KEPALA BAGIAN TATA USAHA',NULL,NULL,NULL,NULL,'0000-00-00','A5EB03E21F82F6A0E040640A040252AD','BANJARBARU',31,'III/a',41,'IV/a','0000-00-00',NULL,14,2,'14 tahun 2 bulan','III.a','31','3','0000-00-00',NULL,'A5EB03E21D0AF6A0E040640A040252AD','BANJARMASIN','A5EB03E21EF7F6A0E040640A040252AD','Banjarmasin         ','','','1','Menikah',0,'0000-00-00','119/PKM-BB/I/2005',NULL,NULL,NULL,'0000-00-00','157/SKCK/I/2005/SAT INTELKAM','0000-00-00',NULL,NULL,'0000-00-00','77.7136.508.8-732.000','0000-00-00',NULL,'0000123340184',NULL,NULL,NULL,NULL,NULL,'A5EB03E21D0AF6A0E040640A040252AD','BANJARMASIN','Pembina','0000-00-00','13253/DIKLAT PRAJAB III/1.16/LAN/2005','UP.3/2/2005','UP.33/2/2006',NULL,'JABATAN ADMINISTRATOR'),
('A8ACA7DAB9403912E040640A040269BB','198508152005021001','260006914','KUSMADI',NULL,NULL,'BANJAR','A5EB03E21FEBF6A0E040640A040252AD','0000-00-00','Islam',1,'mahdyloop@gmail.com','6303051508850012','CINDAI ALUS RT 06 RW 04','085652243405',NULL,'01','PNS Pusat yang bekerja pada Departemen/Lembaga','01','Aktif','PNS','Pria','1','Kartu Tanda Penduduk','6303051508850012','M 097365','17','SLTA Kejuruan','A5EB03E21964F6A0E040640A040252AD','SMK','0000-00-00','0000-00-00','0000-00-00','0000-00-00','0000-00-00',NULL,'A5EB03E23B00F6A0E040640A040252AD','Badan Kepegawaian Negara','A5EB03E24348F6A0E040640A040252AD','Kantor Regional VIII BKN','08','Kantor Regional VIII BKN','A5EB03E23B00F6A0E040640A040252AD','Badan Kepegawaian Negara','4011','A5EB03E24348F6A0E040640A040252AD','Kantor Regional VIII BKN','A8ACA73A51F03912E040640A040269BB','SUBBAGIAN UMUM','A8ACA73A51E83912E040640A040269BB','KANTOR REGIONAL VIII BKN','4','FUNGSIONAL_UMUM','TEKNISI PERALATAN, LISTRIK DAN ELEKTRONIKA',NULL,NULL,NULL,NULL,'ff8080814aed42c6014b0b902e8f726d','TEKNISI PERALATAN, LISTRIK DAN ELEKTRONIKA','0000-00-00','A5EB03E21FFEF6A0E040640A040252AD','BANJARMASIN',21,'II/a',24,'II/d','0000-00-00',NULL,12,2,'12 tahun 2 bulan','Non Eselon','Non Eselon','Non Eselon','0000-00-00',NULL,'A5EB03E21D0AF6A0E040640A040252AD','BANJARMASIN','','','','','1','Menikah',0,'0000-00-00','108/PKM-MTP/SKT',NULL,NULL,NULL,'0000-00-00','SKCK/162/I/05','0000-00-00',NULL,NULL,'0000-00-00','77.713.476.8-732.000','0000-00-00',NULL,'0000123340397',NULL,NULL,NULL,NULL,NULL,'A5EB03E21D0AF6A0E040640A040252AD','BANJARMASIN','Pengatur Tingkat I','0000-00-00','735/LPJ.II/BANDIKLATDA/2005','UP.3/2/2005','UP.33/2/2006',NULL,NULL),
('A8ACA7DAC49C3912E040640A040269BB','197808282005022001','260006904','DIAN SUSANTI',NULL,'S.AP.','LUMAJANG','A5EB03E21F45F6A0E040640A040252AD','0000-00-00','Islam',1,'sugengsusanti@gmail.com','6372056808780005','KOMP. MUSTIKA GRIYA PRATAMA NO. 5 LOKTABAT UTARA BANJARBARU','081254065478',NULL,'01','PNS Pusat yang bekerja pada Departemen/Lembaga','01','Aktif','PNS','Wanita','1','Kartu Tanda Penduduk','6372056808780005','M 097354','40','S-1/Sarjana','8ae4828752202e5801522fa681350be2','S-1 ILMU ADMINISTRASI NEGARA','0000-00-00','0000-00-00','0000-00-00','0000-00-00','0000-00-00',NULL,'A5EB03E23B00F6A0E040640A040252AD','Badan Kepegawaian Negara','A5EB03E240F7F6A0E040640A040252AD','Badan Kepegawaian Negara  ','08','Kantor Regional VIII BKN','A5EB03E23B00F6A0E040640A040252AD','Badan Kepegawaian Negara','4011','A5EB03E24348F6A0E040640A040252AD','Kantor Regional VIII BKN','8ae483a57224a634017259ddd741094f','Seksi Pengelolaan Arsip Kepegawaian Instansi Kabupaten/Kota Kantor Regional VIII BKN Banjarmasin','8ae483a57224a634017259ddd73f093e','Kantor Regional VIII BKN Banjarmasin','1','STRUKTURAL','Kepala Seksi Pengelolaan Arsip Kepegawaian Instansi Kabupaten/Kota Kantor Regional VIII BKN Banjarma','8ae483a57224a634017259ddd741094f','Kepala Seksi Pengelolaan Arsip Kepegawaian Instansi Kabupaten/Kota Kantor Regional VIII BKN Banjarma',NULL,NULL,NULL,NULL,'0000-00-00','A5EB03E21FFEF6A0E040640A040252AD','BANJARMASIN',23,'II/c',34,'III/d','0000-00-00',NULL,15,9,'15 tahun 9 bulan','IV.a','41','4','0000-00-00',NULL,'A5EB03E21D0AF6A0E040640A040252AD','BANJARMASIN','A5EB03E21EF7F6A0E040640A040252AD','Banjarmasin         ','','','1','Menikah',0,'0000-00-00',NULL,NULL,NULL,NULL,'0000-00-00',NULL,'0000-00-00',NULL,NULL,'0000-00-00','77.713.480.0732.000','0000-00-00',NULL,'0000123340004',NULL,NULL,NULL,NULL,NULL,'A5EB03E21D0AF6A0E040640A040252AD','BANJARMASIN','Penata Tingkat I','0000-00-00','408/LPJ.III/BANDIKLATDA/2005','UP.3/2/2005','UP.33/2/2006',NULL,'JABATAN PENGAWAS'),
('A8ACA7DAEBAF3912E040640A040269BB','197201012005021001','260006908','SUNANTO',NULL,NULL,'PURWOREJO','A5EB03E21FC5F6A0E040640A040252AD','0000-00-00','Islam',1,'sunan_bp@yahoo.com','6732060101720003','KOMP. BUANA PERMAI BLOK C NO.3 KEL. GUNTUNG PAIKAT, KEC. BANJARBARU SELATAN, KOTA BANJARBARU','081348989864',NULL,'01','PNS Pusat yang bekerja pada Departemen/Lembaga','01','Aktif','PNS','Pria','1','Kartu Tanda Penduduk','6732060101720003','M 097361','15','SLTA','A5EB03E21823F6A0E040640A040252AD','SMEA AKUNTANSI','0000-00-00','0000-00-00','0000-00-00','0000-00-00','0000-00-00',NULL,'A5EB03E23B00F6A0E040640A040252AD','Badan Kepegawaian Negara','A5EB03E24348F6A0E040640A040252AD','Kantor Regional VIII BKN','08','Kantor Regional VIII BKN','A5EB03E23B00F6A0E040640A040252AD','Badan Kepegawaian Negara','4011','A5EB03E24348F6A0E040640A040252AD','Kantor Regional VIII BKN','A8ACA73A51F03912E040640A040269BB','SUBBAGIAN UMUM','A8ACA73A51E83912E040640A040269BB','KANTOR REGIONAL VIII BKN','4','FUNGSIONAL_UMUM','ANALIS PENGELOLA BARANG MILIK NEGARA (BMN)',NULL,NULL,NULL,NULL,'ff808081473368120147380c87953852','ANALIS PENGELOLA BARANG MILIK NEGARA (BMN)','0000-00-00','A5EB03E21FFEF6A0E040640A040252AD','BANJARMASIN',21,'II/a',24,'II/d','0000-00-00',NULL,18,2,'18 tahun 2 bulan','Non Eselon','Non Eselon','Non Eselon','0000-00-00',NULL,'A5EB03E21D0AF6A0E040640A040252AD','BANJARMASIN','','','','','1','Menikah',0,'0000-00-00','39/SKK/RSUD/2005',NULL,NULL,NULL,'0000-00-00','SKCK/4691/XI/2004','0000-00-00',NULL,NULL,'0000-00-00','77.713.506.2-732.000','0000-00-00',NULL,'0000123341049',NULL,NULL,NULL,NULL,NULL,'A5EB03E21D0AF6A0E040640A040252AD','BANJARMASIN','Pengatur Tingkat I','0000-00-00','731/LPJ.II/BANDIKLADA/2005','UP.3.2/2005','UP.33/2/2006',NULL,NULL),
('A8ACA7DFA0A43912E040640A040269BB','198306052006041001','260007023','WOWON ARIYANTO',NULL,'S.A.P.','BLORA','A5EB03E21FF0F6A0E040640A040252AD','0000-00-00','Islam',1,NULL,'6372060506830002','KOMP. BKN JL. BHAYANGKARA NO. 01 BANJARBARU',NULL,NULL,'01','PNS Pusat yang bekerja pada Departemen/Lembaga','03','Tugas Belajar','PNS','Pria','','','6372060506830002','N 000015','40','S-1/Sarjana','ff8080813ad91565013af81db19f6a3f','S-1 ADMINISTRASI PUBLIK','0000-00-00','0000-00-00','0000-00-00','0000-00-00','0000-00-00',NULL,'A5EB03E23B00F6A0E040640A040252AD','Badan Kepegawaian Negara','A5EB03E240F7F6A0E040640A040252AD','Badan Kepegawaian Negara  ','08','Kantor Regional VIII BKN','A5EB03E23B00F6A0E040640A040252AD','Badan Kepegawaian Negara','4011','A5EB03E24348F6A0E040640A040252AD','Kantor Regional VIII BKN','8ae483a57224a634017259ddd741094e','Seksi Pengelolaan Arsip Kepegawaian Instansi Vertikal dan Provinsi Kantor Regional VIII BKN Banjarmasin','8ae483a57224a634017259ddd73f093e','Kantor Regional VIII BKN Banjarmasin','4','FUNGSIONAL_UMUM','PENGELOLA KEARSIPAN',NULL,NULL,NULL,NULL,'ff808081430a603401430da3884d141a','PENGELOLA KEARSIPAN','0000-00-00','A5EB03E21FFEF6A0E040640A040252AD','BANJARMASIN',21,'II/a',31,'III/a','0000-00-00',NULL,9,6,'9 tahun 6 bulan','Non Eselon','Non Eselon','Non Eselon','0000-00-00',NULL,'A5EB03E21D0AF6A0E040640A040252AD','BANJARMASIN','','','','','4','Belum Kawin',0,'0000-00-00',NULL,NULL,NULL,NULL,'0000-00-00',NULL,'0000-00-00',NULL,NULL,'0000-00-00','77.713.503.9-732.000','0000-00-00',NULL,NULL,NULL,NULL,NULL,NULL,NULL,'A5EB03E21D0AF6A0E040640A040252AD','BANJARMASIN','Penata Muda','0000-00-00','438/V/PRAJAB I.II/BKN/2007','UP.3/5/2006','UP.33/2/2007',NULL,NULL),
('A8ACA7DFA27A3912E040640A040269BB','198108182006042003','260007010','GUSTINA LASARI PUTRI',NULL,'A.Md','JAKARTA','A5EB03E21F05F6A0E040640A040252AD','0000-00-00','Islam',1,'putz2013@gmail.com','6372065808810001','KOMP. PONDOK BAMBU B.19 JL. KARANG ANYAR II LOKTABAT UTARA BANJARBARU','08129696047',NULL,'01','PNS Pusat yang bekerja pada Departemen/Lembaga','01','Aktif','PNS','Wanita','1','Kartu Tanda Penduduk','6372065808810001','N 000008','30','Diploma III/Sarjana ','ff808081513cb660015147c22485021a','D-III MANAJEMEN INFORMATIKA','0000-00-00','0000-00-00','0000-00-00','0000-00-00','0000-00-00',NULL,'A5EB03E23B00F6A0E040640A040252AD','Badan Kepegawaian Negara','A5EB03E24348F6A0E040640A040252AD','Kantor Regional VIII BKN','08','Kantor Regional VIII BKN','A5EB03E23B00F6A0E040640A040252AD','Badan Kepegawaian Negara','4011','A5EB03E24348F6A0E040640A040252AD','Kantor Regional VIII BKN','A8ACA73A52003912E040640A040269BB','SEKSI PENSIUN PEGAWAI NEGERI SIPIL INSTANSI VERTIKAL DAN PROVINSI','A8ACA73A51E83912E040640A040269BB','KANTOR REGIONAL VIII BKN','2','FUNGSIONAL_TERTENTU','Analis Kepegawaian Penyelia',NULL,NULL,'A5EB03E23E32F6A0E040640A040252AD','Analis Kepegawaian Penyelia',NULL,NULL,'0000-00-00','A5EB03E21FFEF6A0E040640A040252AD','BANJARMASIN',23,'II/c',33,'III/c','0000-00-00','001/SPMT/V/2006',11,0,'11 tahun 0 bulan','Non Eselon','Non Eselon','Non Eselon','0000-00-00',NULL,'A5EB03E21D0AF6A0E040640A040252AD','BANJARMASIN','','','','','1','Menikah',0,'0000-00-00','80/III/RSU/2006',NULL,NULL,'23/RSUD/03/2006','0000-00-00','B/SKCK/9668/III/2006/SAT INTELKAM','0000-00-00','7967/JP/1981',NULL,'0000-00-00','77.713.473.5-732.000','0000-00-00','0000123340105','0000123340105',NULL,'001/SPMT/V/2006',NULL,NULL,NULL,'A5EB03E21D0AF6A0E040640A040252AD','BANJARMASIN','Penata','0000-00-00','396/IV/PRAJAB I.II/BKN/2007','UP.3/5/2006','UP.33/2/2007','PY',NULL),
('A8ACA7DFA2FD3912E040640A040269BB','197605082006041003','260007015','DILAM',NULL,'S.Sos','BANYUMAS','A5EB03E21F5FF6A0E040640A040252AD','0000-00-00','Islam',1,'zainifz15@gmail.com','6372060805760001','KOMP. BKN JLN.BHAYANGKARA NO I BANJARBARU','081348019100',NULL,'01','PNS Pusat yang bekerja pada Departemen/Lembaga','01','Aktif','PNS','Pria','1','Kartu Tanda Penduduk','6372060805760001','N 000009','40','S-1/Sarjana','ff808081513cb660015146aeef9b6edd','S-1 ADMINISTRASI NEGARA','0000-00-00','0000-00-00','0000-00-00','0000-00-00','0000-00-00','SEPALA/ADUM/DIKLAT PIM TK.IV','A5EB03E23B00F6A0E040640A040252AD','Badan Kepegawaian Negara','A5EB03E24348F6A0E040640A040252AD','Kantor Regional VIII BKN','08','Kantor Regional VIII BKN','A5EB03E23B00F6A0E040640A040252AD','Badan Kepegawaian Negara','4011','A5EB03E24348F6A0E040640A040252AD','Kantor Regional VIII BKN','A8ACA73A52123912E040640A040269BB','SEKSI FASILITASI PENGEMBANGAN KEPEGAWAIAN','A8ACA73A51E83912E040640A040269BB','KANTOR REGIONAL VIII BKN','1','STRUKTURAL','KEPALA SEKSI FASILITASI PENGEMBANGAN KEPEGAWAIAN','A8ACA73A52123912E040640A040269BB','KEPALA SEKSI FASILITASI PENGEMBANGAN KEPEGAWAIAN',NULL,NULL,NULL,NULL,'0000-00-00','A5EB03E21FFEF6A0E040640A040252AD','BANJARMASIN',21,'II/a',33,'III/c','0000-00-00',NULL,17,8,'17 tahun 8 bulan','IV.a','41','4','0000-00-00',NULL,'A5EB03E21D0AF6A0E040640A040252AD','BANJARMASIN','A5EB03E21EF7F6A0E040640A040252AD','Banjarmasin         ','','','1','Menikah',0,'0000-00-00','13/SKJ/AJ/03/06',NULL,NULL,NULL,'0000-00-00',NULL,'0000-00-00','027/PD/PM/I/86.',NULL,'0000-00-00','77.713.484.2.732.000','0000-00-00','0000123340037','0000123340037',NULL,NULL,NULL,NULL,NULL,'A5EB03E21D0AF6A0E040640A040252AD','BANJARMASIN','Penata','0000-00-00','391/IV/PRAJAB I.II/BKN/2007','UP.3/5/2006','UP.33/2/2007',NULL,'JABATAN PENGAWAS'),
('A8ACA7DFAEFC3912E040640A040269BB','198503242006041002','260007017','ARIE WIBOWO',NULL,'S.A.P','JAKARTA','A5EB03E21F05F6A0E040640A040252AD','0000-00-00','Islam',1,'arie.reges@gmail.com','3276022403850006','KP.SINDANGKARSA, RT.03/07, NO.78, SUKAMAJUBARU, TAPOS-DEPOK','085251180929','0218740527','01','PNS Pusat yang bekerja pada Departemen/Lembaga','01','Aktif','PNS','Pria','1','Kartu Tanda Penduduk','3276022403850006','N 000010','40','S-1/Sarjana','ff8080813ad91565013af81db19f6a3f','S-1 ADMINISTRASI PUBLIK','0000-00-00','0000-00-00','0000-00-00','0000-00-00','0000-00-00',NULL,'A5EB03E23B00F6A0E040640A040252AD','Badan Kepegawaian Negara','A5EB03E240F7F6A0E040640A040252AD','Badan Kepegawaian Negara  ','08','Kantor Regional VIII BKN','A5EB03E23B00F6A0E040640A040252AD','Badan Kepegawaian Negara','4011','A5EB03E24348F6A0E040640A040252AD','Kantor Regional VIII BKN','A8ACA73A51F83912E040640A040269BB','SEKSI MUTASI INSTANSI KABUPATEN/KOTA','A8ACA73A51E83912E040640A040269BB','KANTOR REGIONAL VIII BKN','2','FUNGSIONAL_TERTENTU','Analis Kepegawaian Muda / Ahli Muda',NULL,NULL,'A5EB03E23E30F6A0E040640A040252AD','Analis Kepegawaian Muda / Ahli Muda',NULL,NULL,'0000-00-00','A5EB03E21FFEF6A0E040640A040252AD','BANJARMASIN',21,'II/a',32,'III/b','0000-00-00',NULL,7,0,'7 tahun 0 bulan','Non Eselon','Non Eselon','Non Eselon','0000-00-00',NULL,'A5EB03E21D0AF6A0E040640A040252AD','BANJARMASIN','','','','','1','Menikah',0,'0000-00-00','82/LKD/III/2006',NULL,NULL,NULL,'0000-00-00','B/SKCK/433/III/2006/INTELKAM','0000-00-00','35/JS/1985',NULL,'0000-00-00','77.713.493.3-732.000','0000-00-00','0000123339936','0000123339936',NULL,NULL,NULL,NULL,NULL,'A5EB03E21D0AF6A0E040640A040252AD','BANJARMASIN','Penata Muda Tingkat I','0000-00-00','389/IV/PRAJAB I.II/BKN/2007','Up.3/5/2006','UP.33/2/2007','MU',NULL),
('A8ACA7DFBDFD3912E040640A040269BB','198201302006041003','260007011','IVAN HERIYANTO',NULL,'A.Md','JOMBANG','A5EB03E2200EF6A0E040640A040252AD','0000-00-00','Islam',1,'jeffins@gmail.com','470289650107','KOMP. BKN JL. BHAYANGKARA NO. 01 BANJARBARU',NULL,NULL,'01','PNS Pusat yang bekerja pada Departemen/Lembaga','01','Aktif','PNS','Pria','1','Kartu Tanda Penduduk','470289650107','N 000011','30','Diploma III/Sarjana ','A5EB03E21395F6A0E040640A040252AD','D-III TEKNIK KOMPUTER','0000-00-00','0000-00-00','0000-00-00','0000-00-00','0000-00-00',NULL,'A5EB03E23B00F6A0E040640A040252AD','Badan Kepegawaian Negara','A5EB03E240F7F6A0E040640A040252AD','Badan Kepegawaian Negara  ','08','Kantor Regional VIII BKN','A5EB03E23B00F6A0E040640A040252AD','Badan Kepegawaian Negara','4011','A5EB03E24348F6A0E040640A040252AD','Kantor Regional VIII BKN','A8ACA73A51F03912E040640A040269BB','SUBBAGIAN UMUM','A8ACA73A51E83912E040640A040269BB','KANTOR REGIONAL VIII BKN','2','FUNGSIONAL_TERTENTU','Pranata Komputer Pelaksana Lanjutan / Mahir',NULL,NULL,'A5EB03E23EB6F6A0E040640A040252AD','Pranata Komputer Pelaksana Lanjutan / Mahir',NULL,NULL,'0000-00-00','A5EB03E21FFEF6A0E040640A040252AD','BANJARMASIN',23,'II/c',31,'III/a','0000-00-00',NULL,8,0,'8 tahun 0 bulan','Non Eselon','Non Eselon','Non Eselon','0000-00-00',NULL,'A5EB03E21D0AF6A0E040640A040252AD','BANJARMASIN','','','','','1','Menikah',0,'0000-00-00','166/III/RSU/2006',NULL,NULL,NULL,'0000-00-00',NULL,'0000-00-00',NULL,NULL,'0000-00-00','77.713.469.3-732.000','0000-00-00',NULL,'0000123340318',NULL,NULL,NULL,NULL,NULL,'A5EB03E21D0AF6A0E040640A040252AD','BANJARMASIN','Penata Muda','0000-00-00','398/IV/PRAJAB I.II/BKN/2007','UP.3/5/2006','UP.33/2/2007','MH',NULL),
('A8ACA7E008803912E040640A040269BB','198203252006042002','260007013','DWI SURYANI',NULL,'SKom','JAKARTA','A5EB03E21F05F6A0E040640A040252AD','0000-00-00','Islam',1,'just4dwis@yahoo.com','6372066503820001','JL. JERUK PERUM. GRIYA NALAR ASRI BLOK F NO.01  BANJARBARU ',NULL,NULL,'01','PNS Pusat yang bekerja pada Departemen/Lembaga','01','Aktif','PNS','Wanita','1','Kartu Tanda Penduduk','6372066503820001','N. 000007','40','S-1/Sarjana','A5EB03E21982F6A0E040640A040252AD','S-1 SISTEM INFORMASI','0000-00-00','0000-00-00','0000-00-00','0000-00-00','0000-00-00',NULL,'A5EB03E23B00F6A0E040640A040252AD','Badan Kepegawaian Negara','A5EB03E24348F6A0E040640A040252AD','Kantor Regional VIII BKN','08','Kantor Regional VIII BKN','A5EB03E23B00F6A0E040640A040252AD','Badan Kepegawaian Negara','4011','A5EB03E24348F6A0E040640A040252AD','Kantor Regional VIII BKN','A8ACA73A51F63912E040640A040269BB','SEKSI MUTASI INSTANSI VERTIKAL DAN PROVINSI','A8ACA73A51E83912E040640A040269BB','KANTOR REGIONAL VIII BKN','2','FUNGSIONAL_TERTENTU','Analis Kepegawaian Muda / Ahli Muda',NULL,NULL,'A5EB03E23E30F6A0E040640A040252AD','Analis Kepegawaian Muda / Ahli Muda',NULL,NULL,'0000-00-00','A5EB03E21FFEF6A0E040640A040252AD','BANJARMASIN',23,'II/c',33,'III/c','0000-00-00',NULL,10,6,'10 tahun 6 bulan','Non Eselon','Non Eselon','Non Eselon','0000-00-00',NULL,'A5EB03E21D0AF6A0E040640A040252AD','BANJARMASIN','A5EB03E21EF7F6A0E040640A040252AD','Banjarmasin         ','','','1','Menikah',0,'0000-00-00',NULL,NULL,NULL,NULL,'0000-00-00',NULL,'0000-00-00',NULL,NULL,'0000-00-00','77.713.460.2-732.000','0000-00-00','0000123340048','0000123340048',NULL,NULL,NULL,NULL,NULL,'A5EB03E21D0AF6A0E040640A040252AD','BANJARMASIN','Penata','0000-00-00','392/IV/PRAJAB.I.II/BKN/2007','UP.3/5/2006','UP.33/2/2007','MU',NULL),
('A8ACA7E00C9F3912E040640A040269BB','197710102006041005','260007020','KHAIRUL BAHRI',NULL,NULL,'DELI SERDANG','A5EB03E21F72F6A0E040640A040252AD','0000-00-00','Islam',1,'khairulbahribjm@gmail.com','6372021010770006','PERUM WENGGA JAYA MAKMUR BLOK G. 239 GT.MANGGIS LANDASAN ULIN','081253528583',NULL,'01','PNS Pusat yang bekerja pada Departemen/Lembaga','01','Aktif','PNS','Pria','1','Kartu Tanda Penduduk','6372021010770006','N 000003','20','Diploma I','A5EB03E21081F6A0E040640A040252AD','D-I KOMPUTER INFORMATIKA','0000-00-00','0000-00-00','0000-00-00','0000-00-00','0000-00-00',NULL,'A5EB03E23B00F6A0E040640A040252AD','Badan Kepegawaian Negara','A5EB03E24348F6A0E040640A040252AD','Kantor Regional VIII BKN','08','Kantor Regional VIII BKN','A5EB03E23B00F6A0E040640A040252AD','Badan Kepegawaian Negara','4011','A5EB03E24348F6A0E040640A040252AD','Kantor Regional VIII BKN','A8ACA73A51F43912E040640A040269BB','SEKSI VERIFIKASI DAN PELAPORAN MUTASI DAN STATUS KEPEGAWAIAN','A8ACA73A51E83912E040640A040269BB','KANTOR REGIONAL VIII BKN','4','FUNGSIONAL_UMUM','PENGADMINISTRASI KEPEGAWAIAN',NULL,NULL,NULL,NULL,'A418D76E079DB891E040640A04021940','PENGADMINISTRASI KEPEGAWAIAN','0000-00-00','A5EB03E21FFEF6A0E040640A040252AD','BANJARMASIN',21,'II/a',24,'II/d','0000-00-00',NULL,15,7,'15 tahun 7 bulan','Non Eselon','Non Eselon','Non Eselon','0000-00-00',NULL,'A5EB03E21D0AF6A0E040640A040252AD','BANJARMASIN','','','','','1','Menikah',0,'0000-00-00','01/PKM-BA/III/2006',NULL,NULL,NULL,'0000-00-00','B/SKCK/2558/III/2006/SEKCPY','0000-00-00',NULL,NULL,'0000-00-00','77.713.519.5-732.000','0000-00-00',NULL,'0000123340342',NULL,NULL,NULL,NULL,NULL,'A5EB03E21D0AF6A0E040640A040252AD','BANJARMASIN','Pengatur Tingkat I','0000-00-00','399/IV/PRAJABI.II/BKN/2007','UP.3/5/2006','UP.33/2/2007',NULL,NULL),
('A8ACA7E045C23912E040640A040269BB','198108262006041004','260007018','NUR MUHAMAD ILYAS',NULL,'S.AP','JAKARTA','A5EB03E21F05F6A0E040640A040252AD','0000-00-00','Islam',1,'ilyas.kr8@gmail.com','6372062608810004','KOMP. PONDOK BAMBU B.19 JL. KARANG ANYAR II LOKTABAT UTARA BANJARBARU','085951119043',NULL,'01','PNS Pusat yang bekerja pada Departemen/Lembaga','01','Aktif','PNS','Pria','1','Kartu Tanda Penduduk','6372062608810004','Q 075266','40','S-1/Sarjana','ff808081513cb660015146aeef9b6edd','S-1 ADMINISTRASI NEGARA','0000-00-00','0000-00-00','0000-00-00','0000-00-00','0000-00-00',NULL,'A5EB03E23B00F6A0E040640A040252AD','Badan Kepegawaian Negara','A5EB03E24348F6A0E040640A040252AD','Kantor Regional VIII BKN','08','Kantor Regional VIII BKN','A5EB03E23B00F6A0E040640A040252AD','Badan Kepegawaian Negara','4011','A5EB03E24348F6A0E040640A040252AD','Kantor Regional VIII BKN','8ae483a57224a634017259ddd741094e','Seksi Pengelolaan Arsip Kepegawaian Instansi Vertikal dan Provinsi Kantor Regional VIII BKN Banjarmasin','8ae483a57224a634017259ddd73f093e','Kantor Regional VIII BKN Banjarmasin','1','STRUKTURAL','Kepala Seksi Pengelolaan Arsip Kepegawaian Instansi Vertikal dan Provinsi Kantor Regional VIII BKN B','8ae483a57224a634017259ddd741094e','Kepala Seksi Pengelolaan Arsip Kepegawaian Instansi Vertikal dan Provinsi Kantor Regional VIII BKN B',NULL,NULL,NULL,NULL,'0000-00-00','A5EB03E21FFEF6A0E040640A040252AD','BANJARMASIN',21,'II/a',32,'III/b','0000-00-00','001/SPMT/V/2006',8,0,'8 tahun 0 bulan','IV.a','41','4','0000-00-00',NULL,'A5EB03E21D0AF6A0E040640A040252AD','BANJARMASIN','','','','','1','Menikah',0,'0000-00-00',NULL,NULL,NULL,NULL,'0000-00-00',NULL,'0000-00-00',NULL,NULL,'0000-00-00','77.713.492.5-732.000','0000-00-00','0000123340667','0000123340667',NULL,'001/SPMT/V/2006',NULL,NULL,NULL,'A5EB03E21D0AF6A0E040640A040252AD','BANJARMASIN','Penata Muda Tingkat I','0000-00-00','427/v/prajab I.II/BKN/2007','UP.3/5/2006','UP.33/2/2007',NULL,'JABATAN PENGAWAS'),
('A8ACA7E0730F3912E040640A040269BB','198207122006042001','260007022','SRIPAH',NULL,' S.AP','KENDAL','A5EB03E21FE8F6A0E040640A040252AD','0000-00-00','Islam',1,'ipfortran@gmail.com','6303055207820017','KOMP. WIJAYA BLOK C NO. 01 SUNGAI PARING MARTAPUTA KAB. BANJAR',NULL,NULL,'01','PNS Pusat yang bekerja pada Departemen/Lembaga','01','Aktif','PNS','Wanita','1','Kartu Tanda Penduduk','6303055207820017','N 000014','40','S-1/Sarjana','8ae4828752202e5801522fa681350be2','S-1 ILMU ADMINISTRASI NEGARA','0000-00-00','0000-00-00','0000-00-00','0000-00-00','0000-00-00',NULL,'A5EB03E23B00F6A0E040640A040252AD','Badan Kepegawaian Negara','A5EB03E24348F6A0E040640A040252AD','Kantor Regional VIII BKN','08','Kantor Regional VIII BKN','A5EB03E23B00F6A0E040640A040252AD','Badan Kepegawaian Negara','4011','A5EB03E24348F6A0E040640A040252AD','Kantor Regional VIII BKN','A8ACA73A51EC3912E040640A040269BB','SUBBAGIAN PERENCANAAN DAN KEUANGAN','A8ACA73A51E83912E040640A040269BB','KANTOR REGIONAL VIII BKN','4','FUNGSIONAL_UMUM','BENDAHARA',NULL,NULL,NULL,NULL,'ff8080813518629301351d73fa5d5895','BENDAHARA','0000-00-00','A5EB03E21FFEF6A0E040640A040252AD','BANJARMASIN',21,'II/a',31,'III/a','0000-00-00',NULL,8,0,'8 tahun 0 bulan','Non Eselon','Non Eselon','Non Eselon','0000-00-00',NULL,'A5EB03E21D0AF6A0E040640A040252AD','BANJARMASIN','','','','','1','Menikah',0,'0000-00-00','013/YABI/III/2006',NULL,NULL,NULL,'0000-00-00',NULL,'0000-00-00',NULL,NULL,'0000-00-00','77.713.488.8-732.000','0000-00-00',NULL,'0000123340961',NULL,NULL,NULL,NULL,NULL,'A5EB03E21D0AF6A0E040640A040252AD','BANJARMASIN','Penata Muda','0000-00-00','435/V/PRAJAB I.II/BKN/2007','UP.3/5/2006','UP.33/2/2007',NULL,NULL),
('A8ACA7E0C7743912E040640A040269BB','197410142006041004','260007028','WARSITO',NULL,'SH','NGAWI','A5EB03E2202EF6A0E040640A040252AD','0000-00-00','Islam',1,'wwarsito162@gmail.com','6372061410740001','KEL. KEMUNING RT 12 RW 03 BANJARBARU SELATAN','081351108904',NULL,'01','PNS Pusat yang bekerja pada Departemen/Lembaga','01','Aktif','PNS','Pria','1','Kartu Tanda Penduduk','6372061410740001','N 000019','40','S-1/Sarjana','8ae4828752305712015234e0cb3a520b','S-1 ILMU HUKUM','0000-00-00','0000-00-00','0000-00-00','0000-00-00','0000-00-00',NULL,'A5EB03E23B00F6A0E040640A040252AD','Badan Kepegawaian Negara','A5EB03E24348F6A0E040640A040252AD','Kantor Regional VIII BKN','08','Kantor Regional VIII BKN','A5EB03E23B00F6A0E040640A040252AD','Badan Kepegawaian Negara','4011','A5EB03E24348F6A0E040640A040252AD','Kantor Regional VIII BKN','A8ACA73A52083912E040640A040269BB','SEKSI PENGELOLAAN ARSIP KEPEGAWAIAN INSTANSI VERTIKAL DAN PROVINSI','A8ACA73A51E83912E040640A040269BB','KANTOR REGIONAL VIII BKN','4','FUNGSIONAL_UMUM','PENGELOLA KEARSIPAN',NULL,NULL,NULL,NULL,'ff808081430a603401430da3884d141a','PENGELOLA KEARSIPAN','0000-00-00','A5EB03E21FFEF6A0E040640A040252AD','BANJARMASIN',21,'II/a',31,'III/a','0000-00-00',NULL,12,2,'12 tahun 2 bulan','Non Eselon','Non Eselon','Non Eselon','0000-00-00',NULL,'A5EB03E21D0AF6A0E040640A040252AD','BANJARMASIN','','','','','1','Menikah',0,'0000-00-00','31/PKM-III/2006',NULL,NULL,NULL,'0000-00-00','54/SKCK/I/2006/SAT INTELKAM','0000-00-00',NULL,NULL,'0000-00-00','77.713.486.7-732.000','0000-00-00',NULL,'0000123341141',NULL,NULL,NULL,NULL,NULL,'A5EB03E21D0AF6A0E040640A040252AD','BANJARMASIN','Penata Muda','0000-00-00','437/V/PRAJAB I.II/BKN/2007','UP.3/5/2006','UP.33/2007',NULL,NULL),
('A8ACA7E0CB673912E040640A040269BB','198202042006041002','260007027','ROFIQ KURAHMAN',NULL,NULL,'JAKARTA','A5EB03E21F05F6A0E040640A040252AD','0000-00-00','Islam',1,'ropikkurahman@gmail.com','6372050402820006','KOMP MUSTIKA GRIYA PRATAMA NO 30 LOKTABAT UTARA','082254268058','0511-4781552','01','PNS Pusat yang bekerja pada Departemen/Lembaga','01','Aktif','PNS','Pria','1','Kartu Tanda Penduduk','6372050402820006','N 000018','17','SLTA Kejuruan','ff8080813ca3ba3e013ca41f99ab16d1','SMK MEKANIK UMUM','0000-00-00','0000-00-00','0000-00-00','0000-00-00','0000-00-00',NULL,'A5EB03E23B00F6A0E040640A040252AD','Badan Kepegawaian Negara','A5EB03E24348F6A0E040640A040252AD','Kantor Regional VIII BKN','08','Kantor Regional VIII BKN','A5EB03E23B00F6A0E040640A040252AD','Badan Kepegawaian Negara','4011','A5EB03E24348F6A0E040640A040252AD','Kantor Regional VIII BKN','A8ACA73A51F03912E040640A040269BB','SUBBAGIAN UMUM','A8ACA73A51E83912E040640A040269BB','KANTOR REGIONAL VIII BKN','4','FUNGSIONAL_UMUM','TEKNISI PERALATAN, LISTRIK DAN ELEKTRONIKA',NULL,NULL,NULL,NULL,'ff8080814aed42c6014b0b902e8f726d','TEKNISI PERALATAN, LISTRIK DAN ELEKTRONIKA','0000-00-00','A5EB03E21FFEF6A0E040640A040252AD','BANJARMASIN',21,'II/a',24,'II/d','0000-00-00',NULL,16,2,'16 tahun 2 bulan','Non Eselon','Non Eselon','Non Eselon','0000-00-00',NULL,'A5EB03E21D0AF6A0E040640A040252AD','BANJARMASIN','','','','','1','Menikah',0,'0000-00-00','13/SKK/III/06',NULL,NULL,NULL,'0000-00-00',NULL,'0000-00-00',NULL,NULL,'0000-00-00','77.713.516.1-732.000','0000-00-00',NULL,'0000123340858',NULL,NULL,NULL,NULL,NULL,'A5EB03E21D0AF6A0E040640A040252AD','BANJARMASIN','Pengatur Tingkat I','0000-00-00','429/V/PRAJAB I.II/BKN/2007','UP.3/5/2006','UP.33/2/2007',NULL,NULL),
('A8ACA7E121113912E040640A040269BB','198106032006041003','260007024','SUBQI SUGENG HARYADI',NULL,'S.A.P.','BOGOR','A5EB03E220E9F6A0E040640A040252AD','0000-00-00','Islam',1,NULL,'6372050306810004','KOMP. MUSTIKA GRIYA PRATAMA NO. 5 LOKTABAT UTARA BANJARBARU',NULL,NULL,'01','PNS Pusat yang bekerja pada Departemen/Lembaga','01','Aktif','PNS','Pria','','','6372050306810004','N 000016','40','S-1/Sarjana','8ae4828752202e5801522fa681350be2','S-1 ILMU ADMINISTRASI NEGARA','0000-00-00','0000-00-00','0000-00-00','0000-00-00','0000-00-00',NULL,'A5EB03E23B00F6A0E040640A040252AD','Badan Kepegawaian Negara','A5EB03E24348F6A0E040640A040252AD','Kantor Regional VIII BKN','08','Kantor Regional VIII BKN','A5EB03E23B00F6A0E040640A040252AD','Badan Kepegawaian Negara','4011','A5EB03E24348F6A0E040640A040252AD','Kantor Regional VIII BKN','8ae483a57224a634017259ddd741094e','Seksi Pengelolaan Arsip Kepegawaian Instansi Vertikal dan Provinsi Kantor Regional VIII BKN Banjarmasin','8ae483a57224a634017259ddd73f093e','Kantor Regional VIII BKN Banjarmasin','2','FUNGSIONAL_TERTENTU','Analis Kepegawaian Pertama / Ahli Pertama',NULL,NULL,'A5EB03E23E31F6A0E040640A040252AD','Analis Kepegawaian Pertama / Ahli Pertama',NULL,NULL,'0000-00-00','A5EB03E21FFEF6A0E040640A040252AD','BANJARMASIN',21,'II/a',31,'III/a','0000-00-00',NULL,12,2,'12 tahun 2 bulan','Non Eselon','Non Eselon','Non Eselon','0000-00-00',NULL,'A5EB03E21D0AF6A0E040640A040252AD','BANJARMASIN','','','','','1','Menikah',0,'0000-00-00','13/SKK/III/2006',NULL,NULL,'-','0000-00-00','720/SKCK/III/2006','0000-00-00','-',NULL,'0000-00-00','77.713.482.6-732.000','0000-00-00','-','-',NULL,NULL,NULL,NULL,NULL,'A5EB03E21D0AF6A0E040640A040252AD','BANJARMASIN','Penata Muda','0000-00-00','436/V/PRAJAB I.II/BKN/2007','UP.3/5/2006','UP.33/2/2007','PT',NULL),
('A8ACA7E121143912E040640A040269BB','197805242006042002','260007025','SRI WIDIASTUTI',NULL,NULL,'JAKARTA','A5EB03E21F05F6A0E040640A040252AD','0000-00-00','Islam',1,'sri.widiastuti.ara@gmail.com','6372056405780002','KOMP MUSTIKA GRIYA PRATAMA NO 30 LOKTABAT UTARA BANJARBARU','082358155574','0511-4721552','01','PNS Pusat yang bekerja pada Departemen/Lembaga','01','Aktif','PNS','Wanita','1','Kartu Tanda Penduduk','6372056405780002','N 000017','15','SLTA','A5EB03E215CDF6A0E040640A040252AD','SMEA KESEKRETARIATAN','0000-00-00','0000-00-00','0000-00-00','0000-00-00','0000-00-00',NULL,'A5EB03E23B00F6A0E040640A040252AD','Badan Kepegawaian Negara','A5EB03E24348F6A0E040640A040252AD','Kantor Regional VIII BKN','08','Kantor Regional VIII BKN','A5EB03E23B00F6A0E040640A040252AD','Badan Kepegawaian Negara','4011','A5EB03E24348F6A0E040640A040252AD','Kantor Regional VIII BKN','A8ACA73A51FA3912E040640A040269BB','SEKSI STATUS KEPEGAWAIAN','A8ACA73A51E83912E040640A040269BB','KANTOR REGIONAL VIII BKN','4','FUNGSIONAL_UMUM','PENGADMINISTRASI KEPEGAWAIAN',NULL,NULL,NULL,NULL,'A418D76E079DB891E040640A04021940','PENGADMINISTRASI KEPEGAWAIAN','0000-00-00','A5EB03E21FFEF6A0E040640A040252AD','BANJARMASIN',21,'II/a',24,'II/d','0000-00-00',NULL,16,2,'16 tahun 2 bulan','Non Eselon','Non Eselon','Non Eselon','0000-00-00',NULL,'A5EB03E21D0AF6A0E040640A040252AD','BANJARMASIN','A5EB03E21EF7F6A0E040640A040252AD','Banjarmasin         ','','','1','Menikah',0,'0000-00-00','16/SKK/PKM-SB/III/2006',NULL,NULL,'023/SKPN/RSUD/2006','0000-00-00','2989/SKCK/X/2004/SAT INTELKAM','0000-00-00','-','-','0000-00-00','77.713.463.6-732.000','0000-00-00','-','0000123340959',NULL,NULL,NULL,NULL,NULL,'A5EB03E21D0AF6A0E040640A040252AD','BANJARMASIN','Pengatur Tingkat I','0000-00-00','430/V/PRAJAB I.II/BKN/2007','UP.3/5/2006','UP.33/2/2007',NULL,NULL),
('A8ACA7E121173912E040640A040269BB','197712122006042001','260007026','EKA SARI RAHAYU',NULL,'S.E.','JAKARTA','A5EB03E21F05F6A0E040640A040252AD','0000-00-00','Islam',1,'ekasari088@yahoo.com','6372025212770007','KOMP. MEGA GRAHA NO. F04 SUNGAI ULIN BANJARBARU UTARA',NULL,NULL,'01','PNS Pusat yang bekerja pada Departemen/Lembaga','01','Aktif','PNS','Wanita','1','Kartu Tanda Penduduk','6372025212770007','N 000002','40','S-1/Sarjana','A5EB03E20C19F6A0E040640A040252AD','S-1 EKONOMI MANAJEMEN','0000-00-00','0000-00-00','0000-00-00','0000-00-00','0000-00-00',NULL,'A5EB03E23B00F6A0E040640A040252AD','Badan Kepegawaian Negara','A5EB03E24348F6A0E040640A040252AD','Kantor Regional VIII BKN','08','Kantor Regional VIII BKN','A5EB03E23B00F6A0E040640A040252AD','Badan Kepegawaian Negara','4011','A5EB03E24348F6A0E040640A040252AD','Kantor Regional VIII BKN','A8ACA73A51F63912E040640A040269BB','SEKSI MUTASI INSTANSI VERTIKAL DAN PROVINSI','A8ACA73A51E83912E040640A040269BB','KANTOR REGIONAL VIII BKN','2','FUNGSIONAL_TERTENTU','Analis Kepegawaian Muda / Ahli Muda',NULL,NULL,'A5EB03E23E30F6A0E040640A040252AD','Analis Kepegawaian Muda / Ahli Muda',NULL,NULL,'0000-00-00','A5EB03E21FFEF6A0E040640A040252AD','BANJARMASIN',21,'II/a',33,'III/c','0000-00-00',NULL,10,8,'10 tahun 8 bulan','Non Eselon','Non Eselon','Non Eselon','0000-00-00',NULL,'A5EB03E21D0AF6A0E040640A040252AD','BANJARMASIN','A5EB03E21EF7F6A0E040640A040252AD','Banjarmasin         ','','','1','Menikah',0,'0000-00-00','439/SKK/PKM-SB/X/2004',NULL,NULL,'24/SKPN/RSUD/2006','0000-00-00','2465/SKCK/X/2004/SAT INTELKAM','0000-00-00','-',NULL,'0000-00-00','77.713.517.9-732.000','0000-00-00','-','0000123340061',NULL,NULL,NULL,NULL,NULL,'A5EB03E21D0AF6A0E040640A040252AD','BANJARMASIN','Penata','0000-00-00','393/IV/PRAJAB I.II/BKN/2007','UP.3/5/2006','UP.33/2/2007','MU',NULL),
('A8ACA7E2B3F13912E040640A040269BB','196908212007012002','260007052','INA HERLINA',NULL,'S.Sos','JAKARTA','A5EB03E21F05F6A0E040640A040252AD','0000-00-00','Islam',1,'zainifz15@gmail.com','6372060805760001','KOMP. BKN JLN.BHAYANGKARA NO I BANJARBARU','081348019100',NULL,'01','PNS Pusat yang bekerja pada Departemen/Lembaga','01','Aktif','PNS','Wanita','1','Kartu Tanda Penduduk','6372060805760001','N 271259','40','S-1/Sarjana','ff808081513cb660015146aeef9b6edd','S-1 ADMINISTRASI NEGARA','0000-00-00','0000-00-00','0000-00-00','0000-00-00','0000-00-00',NULL,'A5EB03E23B00F6A0E040640A040252AD','Badan Kepegawaian Negara','A5EB03E240F7F6A0E040640A040252AD','Badan Kepegawaian Negara  ','08','Kantor Regional VIII BKN','A5EB03E23B00F6A0E040640A040252AD','Badan Kepegawaian Negara','4011','A5EB03E24348F6A0E040640A040252AD','Kantor Regional VIII BKN','8ae483a57224a634017259ddd7410953','Seksi Fasilitasi Pengembangan Kepegawaian Kantor Regional VIII BKN Banjarmasin','8ae483a57224a634017259ddd73f093e','Kantor Regional VIII BKN Banjarmasin','2','FUNGSIONAL_TERTENTU','Auditor Kepegawaian Muda / Ahli Muda',NULL,NULL,'D82C966532FE7042E040640A02020A8A','Auditor Kepegawaian Muda / Ahli Muda',NULL,NULL,'0000-00-00','A5EB03E21FFEF6A0E040640A040252AD','BANJARMASIN',21,'II/a',33,'III/c','0000-00-00',NULL,13,9,'13 tahun 9 bulan','Non Eselon','Non Eselon','Non Eselon','0000-00-00',NULL,'A5EB03E21D0AF6A0E040640A040252AD','BANJARMASIN','A5EB03E21EF7F6A0E040640A040252AD','Banjarmasin         ','','','1','Menikah',0,'0000-00-00','39/SKK/PKM-SB/X/2006',NULL,NULL,'678/SKPN/RSUD/2006','0000-00-00','3259/SKCK/X/2006/SAT INTELKAM','0000-00-00','-','-','0000-00-00','58.827.677.4.732.000','0000-00-00','-','-',NULL,NULL,NULL,NULL,NULL,'A5EB03E21D0AF6A0E040640A040252AD','BANJARMASIN','Penata','0000-00-00','1449/XI/PRAJAB I-II/BKN/2008','UP.3/2/2007','UP.33/1/2008','MU',NULL),
('A8ACA7E2B3F43912E040640A040269BB','196907142007011005','260007053','SUYAD',NULL,NULL,'BLORA','A5EB03E21FF0F6A0E040640A040252AD','0000-00-00','Islam',1,'suyad140769@gmail.com','16510214076900005','JL PERAMBAIAN III RT 30/RW 007,NO:53,KEL SEI ULIN KEC BJB UTARA,KAL-SEL','082150160270','05114791072','01','PNS Pusat yang bekerja pada Departemen/Lembaga','01','Aktif','PNS','Pria','1','Kartu Tanda Penduduk','16510214076900005','N 271258','15','SLTA','A5EB03E215B5F6A0E040640A040252AD','SMA','0000-00-00','0000-00-00','0000-00-00','0000-00-00','0000-00-00',NULL,'A5EB03E23B00F6A0E040640A040252AD','Badan Kepegawaian Negara','A5EB03E24348F6A0E040640A040252AD','Kantor Regional VIII BKN','08','Kantor Regional VIII BKN','A5EB03E23B00F6A0E040640A040252AD','Badan Kepegawaian Negara','4011','A5EB03E24348F6A0E040640A040252AD','Kantor Regional VIII BKN','A8ACA73A520A3912E040640A040269BB','SEKSI PENGELOLAAN ARSIP KEPEGAWAIAN INSTANSI KABUPATEN/KOTA','A8ACA73A51E83912E040640A040269BB','KANTOR REGIONAL VIII BKN','4','FUNGSIONAL_UMUM','PENGELOLA KEARSIPAN',NULL,NULL,NULL,NULL,'ff808081430a603401430da3884d141a','PENGELOLA KEARSIPAN','0000-00-00','A5EB03E21FFEF6A0E040640A040252AD','BANJARMASIN',21,'II/a',24,'II/d','0000-00-00',NULL,20,2,'20 tahun 2 bulan','Non Eselon','Non Eselon','Non Eselon','0000-00-00',NULL,'A5EB03E21D0AF6A0E040640A040252AD','BANJARMASIN','','','','','1','Menikah',0,'0000-00-00','40/PKM-BB/X/2006',NULL,NULL,'-','0000-00-00','3261/SKCK/2006','0000-00-00','5.926/DIS/1989','-','0000-00-00','77.713.512.0-732.000','0000-00-00','-','-',NULL,NULL,NULL,NULL,NULL,'A5EB03E21D0AF6A0E040640A040252AD','BANJARMASIN','Pengatur Tingkat I','0000-00-00','1402/XI/PRAJAB I-II/BKN/2008','UP.33/2/2007','UP.33/1/2008',NULL,NULL),
('A8ACA7E3B7373912E040640A040269BB','197512232008011003','260007139','WAHYU SULISTYO',NULL,'A.Md','SLEMAN','A5EB03E2203DF6A0E040640A040252AD','0000-00-00','Islam',1,'wulistyo@gmail.com','6372062312750004','KOMP. BKN JL. BHAYANGKARA NO 1 BJB',NULL,NULL,'01','PNS Pusat yang bekerja pada Departemen/Lembaga','01','Aktif','PNS','Pria','1','Kartu Tanda Penduduk','6372062312750004','N 351122 / 122162 K','30','Diploma III/Sarjana ','A5EB03E21C86F6A0E040640A040252AD','D-III TEKNIK INFORMATIKA','0000-00-00','0000-00-00','0000-00-00','0000-00-00','0000-00-00',NULL,'A5EB03E23B00F6A0E040640A040252AD','Badan Kepegawaian Negara','A5EB03E24348F6A0E040640A040252AD','Kantor Regional VIII BKN','08','Kantor Regional VIII BKN','A5EB03E23B00F6A0E040640A040252AD','Badan Kepegawaian Negara','4011','A5EB03E24348F6A0E040640A040252AD','Kantor Regional VIII BKN','A8ACA73A520C3912E040640A040269BB','SEKSI PENGOLAHAN DATA DAN DISEMINASI INFORMASI KEPEGAWAIAN','A8ACA73A51E83912E040640A040269BB','KANTOR REGIONAL VIII BKN','2','FUNGSIONAL_TERTENTU','Pranata Komputer Pelaksana Lanjutan / Mahir',NULL,NULL,'A5EB03E23EB6F6A0E040640A040252AD','Pranata Komputer Pelaksana Lanjutan / Mahir',NULL,NULL,'0000-00-00','A5EB03E21FFEF6A0E040640A040252AD','BANJARMASIN',23,'II/c',31,'III/a','0000-00-00',NULL,6,9,'6 tahun 9 bulan','Non Eselon','Non Eselon','Non Eselon','0000-00-00',NULL,'A5EB03E21D0AF6A0E040640A040252AD','BANJARMASIN','','','','','1','Menikah',0,'0000-00-00','1080/XII/2007',NULL,NULL,NULL,'0000-00-00',NULL,'0000-00-00',NULL,NULL,'0000-00-00','777134552732000','0000-00-00',NULL,'0000123341139',NULL,NULL,NULL,NULL,NULL,'A5EB03E21D0AF6A0E040640A040252AD','BANJARMASIN','Penata Muda','0000-00-00','1082/VIII/PRAJAB I dan II/BKN/2008','UP. 3 / 7 / 2007','UP.33/6/2009','MH',NULL),
('A8ACA7E3C7643912E040640A040269BB','198612272008122001',NULL,'DYAH MUSTIKANINGTIAS NIA WARDHANI',NULL,'S.IP','ASAHAN','A5EB03E21F70F6A0E040640A040252AD','0000-00-00','Islam',1,'dymustika@yahoo.com','3306046712860002','KOMP. LUTFIA TUNGGAL BLOK C NO. 27 MARTAPURA','085348376969',NULL,'01','PNS Pusat yang bekerja pada Departemen/Lembaga','01','Aktif','PNS','Wanita','1','Kartu Tanda Penduduk','3306046712860002','P 061789 / 008745 MN','40','S-1/Sarjana','8ae48287511e3ed5015137a107614b8f','S-1 ILMU PEMERINTAHAN','0000-00-00','0000-00-00','0000-00-00','0000-00-00','0000-00-00',NULL,'A5EB03E23B00F6A0E040640A040252AD','Badan Kepegawaian Negara','A5EB03E24348F6A0E040640A040252AD','Kantor Regional VIII BKN','08','Kantor Regional VIII BKN','A5EB03E23B00F6A0E040640A040252AD','Badan Kepegawaian Negara','4011','A5EB03E24348F6A0E040640A040252AD','Kantor Regional VIII BKN','8ae483a57224a634017259ddd7400945','Seksi Mutasi Instansi Vertikal dan Provinsi Kantor Regional VIII BKN Banjarmasin','8ae483a57224a634017259ddd73f093e','Kantor Regional VIII BKN Banjarmasin','2','FUNGSIONAL_TERTENTU','Analis Kepegawaian Muda / Ahli Muda',NULL,NULL,'A5EB03E23E30F6A0E040640A040252AD','Analis Kepegawaian Muda / Ahli Muda',NULL,NULL,'0000-00-00','A5EB03E21FFEF6A0E040640A040252AD','BANJARMASIN',31,'III/a',34,'III/d','0000-00-00',NULL,10,4,'10 tahun 4 bulan','Non Eselon','Non Eselon','Non Eselon','0000-00-00',NULL,'A5EB03E21D0AF6A0E040640A040252AD','BANJARMASIN','A5EB03E21EF7F6A0E040640A040252AD','Banjarmasin         ','','','1','Menikah',0,'0000-00-00','735/RJL/II/08',NULL,NULL,NULL,'0000-00-00',NULL,'0000-00-00',NULL,NULL,'0000-00-00','68.886.116.0531.000','0000-00-00',NULL,'0000156990148',NULL,NULL,NULL,NULL,NULL,'A5EB03E21D0AF6A0E040640A040252AD','BANJARMASIN','Penata Tingkat I','0000-00-00','2945/XXII/PRAJAB III/BKN/2009','UP.3/10/2008','UP.33/8/2010','MU',NULL),
('A8ACA7E3FD083912E040640A040269BB','197604032008121002',NULL,'PURWADI',NULL,'S.AP','KARANGANYAR','A5EB03E21FEDF6A0E040640A040252AD','0000-00-00','Islam',1,'purwadi7@yahoo.com','6372060304760004','KOMP.BKN JL. BHAYANGKARA NO 1 BJB',NULL,NULL,'01','PNS Pusat yang bekerja pada Departemen/Lembaga','01','Aktif','PNS','Pria','1','Kartu Tanda Penduduk','6372060304760004','P 061795','40','S-1/Sarjana','8ae4828752202e5801522fa681350be2','S-1 ILMU ADMINISTRASI NEGARA','0000-00-00','0000-00-00','0000-00-00','0000-00-00','0000-00-00',NULL,'A5EB03E23B00F6A0E040640A040252AD','Badan Kepegawaian Negara','A5EB03E24348F6A0E040640A040252AD','Kantor Regional VIII BKN','08','Kantor Regional VIII BKN','A5EB03E23B00F6A0E040640A040252AD','Badan Kepegawaian Negara','4011','A5EB03E24348F6A0E040640A040252AD','Kantor Regional VIII BKN','A8ACA73A51F03912E040640A040269BB','SUBBAGIAN UMUM','A8ACA73A51E83912E040640A040269BB','KANTOR REGIONAL VIII BKN','4','FUNGSIONAL_UMUM','OPERATOR MESIN',NULL,NULL,NULL,NULL,'A418D76E0225B891E040640A04021940','OPERATOR MESIN','0000-00-00','A5EB03E21FFEF6A0E040640A040252AD','BANJARMASIN',23,'II/c',31,'III/a','0000-00-00',NULL,6,4,'6 tahun 4 bulan','Non Eselon','Non Eselon','Non Eselon','0000-00-00',NULL,'A5EB03E21D0AF6A0E040640A040252AD','BANJARMASIN','','','','','4','Belum Kawin',0,'0000-00-00','B/175/XI/2008/POLIKLINIK',NULL,NULL,NULL,'0000-00-00',NULL,'0000-00-00',NULL,NULL,'0000-00-00','68.886.089.9.528.000','0000-00-00',NULL,'0006009378568',NULL,NULL,NULL,NULL,NULL,'A5EB03E21D0AF6A0E040640A040252AD','BANJARMASIN','Penata Muda','0000-00-00','5622/XXXVI/PRAJAB I.II/BKN/2009','UP.3/10/2008','UP.33/8/2010',NULL,NULL),
('A8ACA7E463503912E040640A040269BB','198303222008121001',NULL,'ARI KOSWANTORO',NULL,'S.T.','YOGYAKARTA','A5EB03E2203EF6A0E040640A040252AD','0000-00-00','Islam',1,'arikoswantoro@gmail.com','3471032203830003','KOMP. BKN JL. BHAYANGKARA NO. 01 BANJARBARU','081328773825',NULL,'01','PNS Pusat yang bekerja pada Departemen/Lembaga','01','Aktif','PNS','Pria','1','Kartu Tanda Penduduk','3471032203830003','P.061786','40','S-1/Sarjana','A5EB03E21749F6A0E040640A040252AD','S-1 TEKNIK INFORMATIKA','0000-00-00','0000-00-00','0000-00-00','0000-00-00','0000-00-00','SEPALA/ADUM/DIKLAT PIM TK.IV','A5EB03E23B00F6A0E040640A040252AD','Badan Kepegawaian Negara','A5EB03E24348F6A0E040640A040252AD','Kantor Regional VIII BKN','08','Kantor Regional VIII BKN','A5EB03E23B00F6A0E040640A040252AD','Badan Kepegawaian Negara','4011','A5EB03E24348F6A0E040640A040252AD','Kantor Regional VIII BKN','8ae483a57224a634017259ddd7420959','Unit Penyelenggara Seleksi Calon dan Penilaian Kompetensi Pegawai Aparatur Sipil Negara Tarakan','8ae483a57224a634017259ddd73f093e','Kantor Regional VIII BKN Banjarmasin','1','STRUKTURAL','Kepala Unit Penyelenggara Seleksi Calon dan Penilaian Kompetensi Pegawai Aparatur Sipil Negara Tarak','8ae483a57224a634017259ddd7420959','Kepala Unit Penyelenggara Seleksi Calon dan Penilaian Kompetensi Pegawai Aparatur Sipil Negara Tarak',NULL,NULL,NULL,NULL,'0000-00-00','A5EB03E21F82F6A0E040640A040252AD','BANJARBARU',31,'III/a',33,'III/c','0000-00-00',NULL,8,4,'8 tahun 4 bulan','IV.a','41','4','0000-00-00',NULL,'A5EB03E21D0AF6A0E040640A040252AD','BANJARMASIN','A5EB03E21EF7F6A0E040640A040252AD','Banjarmasin         ','','','1','Menikah',0,'0000-00-00','158/SBN/RSP/XI/2008',NULL,NULL,NULL,'0000-00-00',NULL,'0000-00-00',NULL,NULL,'0000-00-00','48.114.735.354.1.000','0000-00-00',NULL,NULL,NULL,NULL,NULL,NULL,NULL,'A5EB03E21D0AF6A0E040640A040252AD','BANJARMASIN','Penata','0000-00-00','2940/XXII/PRAJAB III/BKN/2009','UP.3/10/2008','UP.33/8/2010',NULL,'JABATAN PENGAWAS'),
('A8ACA7E463B63912E040640A040269BB','197705252008122001',NULL,'TRI KRISDIYANTI',NULL,'S.AP','KLATEN','A5EB03E21FC9F6A0E040640A040252AD','0000-00-00','Islam',1,'kris_diyanti@yahoo.com','6372066505770006','KOMP.BKN JL.BHAYANGKARA NO. 01 BANJARBARU',NULL,NULL,'01','PNS Pusat yang bekerja pada Departemen/Lembaga','01','Aktif','PNS','Wanita','1','Kartu Tanda Penduduk','6372066505770006','P 061797 / 138909 MN','40','S-1/Sarjana','8ae4828752202e5801522fa681350be2','S-1 ILMU ADMINISTRASI NEGARA','0000-00-00','0000-00-00','0000-00-00','0000-00-00','0000-00-00',NULL,'A5EB03E23B00F6A0E040640A040252AD','Badan Kepegawaian Negara','A5EB03E24348F6A0E040640A040252AD','Kantor Regional VIII BKN','08','Kantor Regional VIII BKN','A5EB03E23B00F6A0E040640A040252AD','Badan Kepegawaian Negara','4011','A5EB03E24348F6A0E040640A040252AD','Kantor Regional VIII BKN','A8ACA73A51EC3912E040640A040269BB','SUBBAGIAN PERENCANAAN DAN KEUANGAN','A8ACA73A51E83912E040640A040269BB','KANTOR REGIONAL VIII BKN','4','FUNGSIONAL_UMUM','VERIFIKATOR KEUANGAN',NULL,NULL,NULL,NULL,'A418D76E1C23B891E040640A04021940','VERIFIKATOR KEUANGAN','0000-00-00','A5EB03E21FFEF6A0E040640A040252AD','BANJARMASIN',23,'II/c',31,'III/a','0000-00-00',NULL,8,9,'8 tahun 9 bulan','Non Eselon','Non Eselon','Non Eselon','0000-00-00',NULL,'A5EB03E21D0AF6A0E040640A040252AD','BANJARMASIN','','','','','1','Menikah',0,'0000-00-00','427/11/RSUD/2008',NULL,NULL,NULL,'0000-00-00',NULL,'0000-00-00',NULL,NULL,'0000-00-00','688861053407000','0000-00-00',NULL,'0000156982566',NULL,NULL,NULL,NULL,NULL,'A5EB03E21D0AF6A0E040640A040252AD','BANJARMASIN','Penata Muda','0000-00-00','5624/XXXVI/PRAJAB I.II/BKN/2009','UP.3/10/2008','/UP.33/8/2010',NULL,NULL),
('A8ACA7E463B93912E040640A040269BB','198602152008122001',NULL,'DWI MAGRITA KUSUMA WARDANI',NULL,'ST','BANJARMASIN','A5EB03E21FFEF6A0E040640A040252AD','0000-00-00','Islam',1,'wiwie1502@gmail.com','6371055502860010','JL KAMPUNG MELAYU DARAT GG IAIN RT.10 NO.7/24 BANJARMASIN',NULL,NULL,'01','PNS Pusat yang bekerja pada Departemen/Lembaga','01','Aktif','PNS','Wanita','1','Kartu Tanda Penduduk','6371055502860010','P 061788','40','S-1/Sarjana','A5EB03E21749F6A0E040640A040252AD','S-1 TEKNIK INFORMATIKA','0000-00-00','0000-00-00','0000-00-00','0000-00-00','0000-00-00',NULL,'A5EB03E23B00F6A0E040640A040252AD','Badan Kepegawaian Negara','A5EB03E24348F6A0E040640A040252AD','Kantor Regional VIII BKN','08','Kantor Regional VIII BKN','A5EB03E23B00F6A0E040640A040252AD','Badan Kepegawaian Negara','4011','A5EB03E24348F6A0E040640A040252AD','Kantor Regional VIII BKN','8ae483a57224a634017259ddd7410950','Seksi Pengolahan Data dan Diseminasi Informasi Kepegawaian Kantor Regional VIII BKN Banjarmasin','8ae483a57224a634017259ddd73f093e','Kantor Regional VIII BKN Banjarmasin','1','STRUKTURAL','Kepala Seksi Pengolahan Data dan Diseminasi Informasi Kepegawaian Kantor Regional VIII BKN Banjarmas','8ae483a57224a634017259ddd7410950','Kepala Seksi Pengolahan Data dan Diseminasi Informasi Kepegawaian Kantor Regional VIII BKN Banjarmas',NULL,NULL,NULL,NULL,'0000-00-00','A5EB03E22608F6A0E040640A040252AD','BANJARMASIN',31,'III/a',33,'III/c','0000-00-00',NULL,8,4,'8 tahun 4 bulan','IV.a','41','4','0000-00-00',NULL,'A5EB03E21D0AF6A0E040640A040252AD','BANJARMASIN','A5EB03E21EF7F6A0E040640A040252AD','Banjarmasin         ','','','1','Menikah',0,'0000-00-00','4370/X/2008/SKK/RSDS',NULL,NULL,NULL,'0000-00-00',NULL,'0000-00-00',NULL,NULL,'0000-00-00','68.886.114.5731.000','0000-00-00',NULL,'0000156982555',NULL,NULL,NULL,NULL,NULL,'A5EB03E21D0AF6A0E040640A040252AD','BANJARMASIN','Penata','0000-00-00','2912/XXII/PRAJAB III/BKN/2009','UP.3/10/2008','UP.33/8/2010',NULL,'JABATAN PENGAWAS'),
('A8ACA7E463BC3912E040640A040269BB','198005252008122001',NULL,'MISRAH',NULL,'S.AP','LUWU','A5EB03E2205CF6A0E040640A040252AD','0000-00-00','Islam',1,NULL,'3172026505800025','KOMP.BKN JL BHAYANGKARA NO 1 BJB','081314333543',NULL,'01','PNS Pusat yang bekerja pada Departemen/Lembaga','01','Aktif','PNS','Wanita','1','Kartu Tanda Penduduk','3172026505800025','P 061794','40','S-1/Sarjana','ff808081513cb660015146aeef9b6edd','S-1 ADMINISTRASI NEGARA','0000-00-00','0000-00-00','0000-00-00','0000-00-00','0000-00-00',NULL,'A5EB03E23B00F6A0E040640A040252AD','Badan Kepegawaian Negara','A5EB03E24348F6A0E040640A040252AD','Kantor Regional VIII BKN','08','Kantor Regional VIII BKN','A5EB03E23B00F6A0E040640A040252AD','Badan Kepegawaian Negara','4011','A5EB03E24348F6A0E040640A040252AD','Kantor Regional VIII BKN','8ae483a57224a634017259ddd740094b','Seksi Pensiun Pegawai Negeri Sipil Instansi Kabupaten/Kota Kantor Regional VIII BKN Banjarmasin','8ae483a57224a634017259ddd73f093e','Kantor Regional VIII BKN Banjarmasin','1','STRUKTURAL','Kepala Seksi Pensiun Pegawai Negeri Sipil Instansi Kabupaten/Kota Kantor Regional VIII BKN Banjarmas','8ae483a57224a634017259ddd740094b','Kepala Seksi Pensiun Pegawai Negeri Sipil Instansi Kabupaten/Kota Kantor Regional VIII BKN Banjarmas',NULL,NULL,NULL,NULL,'0000-00-00','A5EB03E21FFEF6A0E040640A040252AD','BANJARMASIN',23,'II/c',32,'III/b','0000-00-00',NULL,8,4,'8 tahun 4 bulan','IV.a','41','4','0000-00-00',NULL,'A5EB03E21D0AF6A0E040640A040252AD','BANJARMASIN','','','','','4','Belum Kawin',0,'0000-00-00','186/SBN/RSP/XI/2008',NULL,NULL,NULL,'0000-00-00',NULL,'0000-00-00',NULL,NULL,'0000-00-00','49.772.386.6042.000','0000-00-00',NULL,'0000156981227',NULL,NULL,NULL,NULL,NULL,'A5EB03E21D0AF6A0E040640A040252AD','BANJARMASIN','Penata Muda Tingkat I','0000-00-00','5596/XXXV/PRAJAB.I.II/BKN/2009','UP.3/10/2008','UP.33/8/2010',NULL,'JABATAN PENGAWAS'),
('A8ACA7E4640A3912E040640A040269BB','198008282008011014','260007135','SIGIT ARI WIBOWO',NULL,'ST','BEKASI','A5EB03E21F56F6A0E040640A040252AD','0000-00-00','Islam',1,'sigit.rojali@gmail.com','6372062808800003','JL. P.M NOOR GG.SINAR BARU KOMPLEK GRIYA SINAR BARU NO.2 RT/RW 24/26 KEL. SUNGAI ULIN KEC.BANJARBARU KALIMANTAN SELATAN','08179414926','-','01','PNS Pusat yang bekerja pada Departemen/Lembaga','01','Aktif','PNS','Pria','1','Kartu Tanda Penduduk','6372062808800003','N 351118','40','S-1/Sarjana','A5EB03E21749F6A0E040640A040252AD','S-1 TEKNIK INFORMATIKA','0000-00-00','0000-00-00','0000-00-00','0000-00-00','0000-00-00','SEPALA/ADUM/DIKLAT PIM TK.IV','A5EB03E23B00F6A0E040640A040252AD','Badan Kepegawaian Negara','A5EB03E24348F6A0E040640A040252AD','Kantor Regional VIII BKN','08','Kantor Regional VIII BKN','A5EB03E23B00F6A0E040640A040252AD','Badan Kepegawaian Negara','4011','A5EB03E24348F6A0E040640A040252AD','Kantor Regional VIII BKN','8ae483a57224a634017259ddd7420958','Unit Penyelenggara Seleksi Calon dan Penilaian Kompetensi Pegawai Aparatur Sipil Negara Palangkaraya','8ae483a57224a634017259ddd73f093e','Kantor Regional VIII BKN Banjarmasin','1','STRUKTURAL','Kepala Unit Penyelenggara Seleksi Calon dan Penilaian Kompetensi Pegawai Aparatur Sipil Negara Palan','8ae483a57224a634017259ddd7420958','Kepala Unit Penyelenggara Seleksi Calon dan Penilaian Kompetensi Pegawai Aparatur Sipil Negara Palan',NULL,NULL,NULL,NULL,'0000-00-00','A5EB03E21F7DF6A0E040640A040252AD','PALANGKA RAYA',31,'III/a',33,'III/c','0000-00-00','01/SPMT/KEPEG/KR.VIII/2008',9,9,'9 tahun 9 bulan','IV.a','41','4','0000-00-00',NULL,'A5EB03E21D0AF6A0E040640A040252AD','BANJARMASIN','A5EB03E21EF7F6A0E040640A040252AD','Banjarmasin         ','','','1','Menikah',0,'0000-00-00','0712280308',NULL,NULL,'0712280308','0000-00-00','B/SKCK/29084/XI/2007/SAT INTELKAM','0000-00-00','196/DISP/JT/1992/80',NULL,'0000-00-00','77.713.458.6.732.000','0000-00-00','0000173101476','0000123340937',NULL,'01/SPMT/KEPEG/KR.VIII/2008',NULL,NULL,NULL,'A5EB03E21D0AF6A0E040640A040252AD','BANJARMASIN','Penata','0000-00-00','633/VII/PRAJAB III/BKN/2008','UP. 3 / 7 / 2007','UP.33/6/2009',NULL,'JABATAN PENGAWAS'),
('A8ACA7E464103912E040640A040269BB','197601162008011006','260007137','PAMUJI',NULL,'S.Kom, M.Si','PURWOREJO','A5EB03E21FC5F6A0E040640A040252AD','0000-00-00','Islam',1,'pamuji_csap@yahoo.com','6372061601760001','KOMP. SEKUMPUL INDAH II BLOK A NO.11\r\rSEKUMPUL, MARTAPURA, BANJAR',NULL,NULL,'01','PNS Pusat yang bekerja pada Departemen/Lembaga','01','Aktif','PNS','Pria','1','Kartu Tanda Penduduk','6372061601760001','N 351120','45','S-2','8ae4829d516b460601517f73359c23cc','MAGISTER SAINS ADMINISTRASI PEMBANGUNAN','0000-00-00','0000-00-00','0000-00-00','0000-00-00','0000-00-00',NULL,'A5EB03E23B00F6A0E040640A040252AD','Badan Kepegawaian Negara','A5EB03E24348F6A0E040640A040252AD','Kantor Regional VIII BKN','08','Kantor Regional VIII BKN','A5EB03E23B00F6A0E040640A040252AD','Badan Kepegawaian Negara','4011','A5EB03E24348F6A0E040640A040252AD','Kantor Regional VIII BKN','8ae483a57224a634017259ddd740094b','Seksi Pensiun Pegawai Negeri Sipil Instansi Kabupaten/Kota Kantor Regional VIII BKN Banjarmasin','8ae483a57224a634017259ddd73f093e','Kantor Regional VIII BKN Banjarmasin','2','FUNGSIONAL_TERTENTU','Analis Kepegawaian Muda / Ahli Muda',NULL,NULL,'A5EB03E23E30F6A0E040640A040252AD','Analis Kepegawaian Muda / Ahli Muda',NULL,NULL,'0000-00-00','A5EB03E21FFEF6A0E040640A040252AD','BANJARMASIN',23,'II/c',33,'III/c','0000-00-00',NULL,14,7,'14 tahun 7 bulan','Non Eselon','Non Eselon','Non Eselon','0000-00-00',NULL,'A5EB03E21D0AF6A0E040640A040252AD','BANJARMASIN','','','','','1','Menikah',0,'0000-00-00','0103',NULL,NULL,NULL,'0000-00-00',NULL,'0000-00-00',NULL,NULL,'0000-00-00','777134578004000','0000-00-00',NULL,'0000123340691',NULL,NULL,NULL,NULL,NULL,'A5EB03E21D0AF6A0E040640A040252AD','BANJARMASIN','Penata','0000-00-00','1085/VIII/PRAJAB I dan II/BKN/2008','UP. 3 / 7 / 2007','UP.33/6/2009','MU',NULL),
('A8ACA7E499D13912E040640A040269BB','197502182002122001','260006886','IDA VARIANTI',NULL,'S.Sos','BARITO UTARA','A5EB03E21FF7F6A0E040640A040252AD','0000-00-00','Kristen',2,'idha_kandui@yahoo.com','6372055802750002','JL.HAMRANSANI, KOMP.GRIYA PRATAMA III, RT.007/002, SUNGAI ULIN,BANJARBARU UTARA-BANJARBARU','081253779027',NULL,'01','PNS Pusat yang bekerja pada Departemen/Lembaga','01','Aktif','PNS','Wanita','1','Kartu Tanda Penduduk','6372055802750002','L 111853','40','S-1/Sarjana','ff808081513cb660015146aeef9b6edd','S-1 ADMINISTRASI NEGARA','0000-00-00','0000-00-00','0000-00-00','0000-00-00','0000-00-00',NULL,'A5EB03E23B00F6A0E040640A040252AD','Badan Kepegawaian Negara','A5EB03E24348F6A0E040640A040252AD','Kantor Regional VIII BKN','08','Kantor Regional VIII BKN','A5EB03E23B00F6A0E040640A040252AD','Badan Kepegawaian Negara','4011','A5EB03E24348F6A0E040640A040252AD','Kantor Regional VIII BKN','A8ACA73A51EC3912E040640A040269BB','SUBBAGIAN PERENCANAAN DAN KEUANGAN','A8ACA73A51E83912E040640A040269BB','KANTOR REGIONAL VIII BKN','4','FUNGSIONAL_UMUM','ANALIS KEUANGAN',NULL,NULL,NULL,NULL,'A418D76DFDAFB891E040640A04021940','ANALIS KEUANGAN','0000-00-00','A5EB03E21F82F6A0E040640A040252AD','BANJARBARU',21,'II/a',32,'III/b','0000-00-00',NULL,12,9,'12 tahun 9 bulan','Non Eselon','Non Eselon','Non Eselon','0000-00-00',NULL,'A5EB03E21D0AF6A0E040640A040252AD','BANJARMASIN','','','','','1','Menikah',0,'0000-00-00','790/PKM-BB/XII/2002',NULL,NULL,NULL,'0000-00-00','5062/XII/2002','0000-00-00',NULL,NULL,'0000-00-00','77.713.487.5.732.000','0000-00-00','0126326  170302','0000123340239','70711',NULL,NULL,NULL,NULL,'A5EB03E21D0AF6A0E040640A040252AD','BANJARMASIN','Penata Muda Tingkat I','0000-00-00','12/LPJ.II/DIKLAT/I/2003','UP.3/5/2003','UP.33/4/2004',NULL,NULL),
('A8ACA7E499D43912E040640A040269BB','196801042002122001','260006887','DIANA LUMME',NULL,'S.H.','TORAJA','A5EB03E220CEF6A0E040640A040252AD','0000-00-00','Katholik',3,'diana_lumm3@yahoo.co.id','6372064401680002','JL BAYANGKARA NO 1 KOMP BKN  BANJARBARU',NULL,NULL,'01','PNS Pusat yang bekerja pada Departemen/Lembaga','01','Aktif','PNS','Wanita','1','Kartu Tanda Penduduk','6372064401680002','L 111857','40','S-1/Sarjana','A5EB03E21362F6A0E040640A040252AD','S-1 HUKUM KEPERDATAAN','0000-00-00','0000-00-00','0000-00-00','0000-00-00','0000-00-00',NULL,'A5EB03E23B00F6A0E040640A040252AD','Badan Kepegawaian Negara','A5EB03E24348F6A0E040640A040252AD','Kantor Regional VIII BKN','08','Kantor Regional VIII BKN','A5EB03E23B00F6A0E040640A040252AD','Badan Kepegawaian Negara','4011','A5EB03E24348F6A0E040640A040252AD','Kantor Regional VIII BKN','8ae483a57224a634017259ddd7400946','Seksi Mutasi Instansi Kabupaten/Kota Kantor Regional VIII BKN Banjarmasin','8ae483a57224a634017259ddd73f093e','Kantor Regional VIII BKN Banjarmasin','2','FUNGSIONAL_TERTENTU','Analis Kepegawaian Muda / Ahli Muda',NULL,NULL,'A5EB03E23E30F6A0E040640A040252AD','Analis Kepegawaian Muda / Ahli Muda',NULL,NULL,'0000-00-00','A5EB03E21FFEF6A0E040640A040252AD','BANJARMASIN',21,'II/a',34,'III/d','0000-00-00',NULL,12,9,'12 tahun 9 bulan','Non Eselon','Non Eselon','Non Eselon','0000-00-00',NULL,'A5EB03E21D0AF6A0E040640A040252AD','BANJARMASIN','','','','','4','Belum Kawin',0,'0000-00-00','63/SKK/PKM-SB/XII/2002',NULL,NULL,NULL,'0000-00-00','SKKB/5082/XII/2002/SAT IPP','0000-00-00',NULL,NULL,'0000-00-00','77.713.502.1.732.000','0000-00-00','012641.5 170302','012641.5 170302','70713',NULL,NULL,NULL,NULL,'A5EB03E21D0AF6A0E040640A040252AD','BANJARMASIN','Penata Tingkat I','0000-00-00','13/LPJ.II/DIKLAT/I/2003','UP.3/5/2003','UP.33/4/2004','MU',NULL),
('A8ACA7E499D73912E040640A040269BB','197308252002121001','260006888','MUKHLISIN',NULL,NULL,'PURWOREJO','A5EB03E21FC5F6A0E040640A040252AD','0000-00-00','Islam',1,'mukhlisin73.ml@gmail.com','6372022508730001','KOMP. MEGA GRAHA NO. F04 SUNGAI ULIN BANJARBARU UTARA',NULL,NULL,'01','PNS Pusat yang bekerja pada Departemen/Lembaga','01','Aktif','PNS','Pria','1','Kartu Tanda Penduduk','6372022508730001','L 111854','15','SLTA','A5EB03E215C4F6A0E040640A040252AD','SEKOLAH MENENGAH EKONOMI ATAS','0000-00-00','0000-00-00','0000-00-00','0000-00-00','0000-00-00',NULL,'A5EB03E23B00F6A0E040640A040252AD','Badan Kepegawaian Negara','A5EB03E24348F6A0E040640A040252AD','Kantor Regional VIII BKN','08','Kantor Regional VIII BKN','A5EB03E23B00F6A0E040640A040252AD','Badan Kepegawaian Negara','4011','A5EB03E24348F6A0E040640A040252AD','Kantor Regional VIII BKN','A8ACA73A520A3912E040640A040269BB','SEKSI PENGELOLAAN ARSIP KEPEGAWAIAN INSTANSI KABUPATEN/KOTA','A8ACA73A51E83912E040640A040269BB','KANTOR REGIONAL VIII BKN','2','FUNGSIONAL_TERTENTU','Analis Kepegawaian Pelaksana Lanjutan / Mahir',NULL,NULL,'A5EB03E23E33F6A0E040640A040252AD','Analis Kepegawaian Pelaksana Lanjutan / Mahir',NULL,NULL,'0000-00-00','A5EB03E21FFEF6A0E040640A040252AD','BANJARMASIN',21,'II/a',32,'III/b','0000-00-00',NULL,14,2,'14 tahun 2 bulan','Non Eselon','Non Eselon','Non Eselon','0000-00-00',NULL,'A5EB03E21D0AF6A0E040640A040252AD','BANJARMASIN','','','','','1','Menikah',0,'0000-00-00',NULL,NULL,NULL,NULL,'0000-00-00','SKKB/XII/2002/SAT IPP','0000-00-00',NULL,NULL,'0000-00-00','77.713.459.4-732.000','0000-00-00','1704020  07731 ','0000123340566','70612',NULL,NULL,NULL,NULL,'A5EB03E21D0AF6A0E040640A040252AD','BANJARMASIN','Penata Muda Tingkat I','0000-00-00','14/LPJ.II/DIKLAT/I/2003','UP.3/5/2003','UP.33/4/2004','MH',NULL),
('A8ACA7E49E9B3912E040640A040269BB','197408122002121001','260006890','PAUJI RAHMAN',NULL,'S.AP','BANJARMASIN','A5EB03E21FFEF6A0E040640A040252AD','0000-00-00','Islam',1,'parah.pr@gmail.com','6372051208740001','KOMP. MUSTIKA GRIYA PRATAMA JL. KARANG ANYAR II KEL.LOKTABAT UTARA BANJARBARU',NULL,NULL,'01','PNS Pusat yang bekerja pada Departemen/Lembaga','01','Aktif','PNS','Pria','1','Kartu Tanda Penduduk','6372051208740001','L 111855','40','S-1/Sarjana','ff808081513cb660015146aeef9b6edd','S-1 ADMINISTRASI NEGARA','0000-00-00','0000-00-00','0000-00-00','0000-00-00','0000-00-00',NULL,'A5EB03E23B00F6A0E040640A040252AD','Badan Kepegawaian Negara','A5EB03E24348F6A0E040640A040252AD','Kantor Regional VIII BKN','08','Kantor Regional VIII BKN','A5EB03E23B00F6A0E040640A040252AD','Badan Kepegawaian Negara','4011','A5EB03E24348F6A0E040640A040252AD','Kantor Regional VIII BKN','A8ACA73A52143912E040640A040269BB','SEKSI FASILITASI KINERJA','A8ACA73A51E83912E040640A040269BB','KANTOR REGIONAL VIII BKN','4','FUNGSIONAL_UMUM','ANALIS KINERJA',NULL,NULL,NULL,NULL,'8ae4828740c414080140ded9101d6b2a','ANALIS KINERJA','0000-00-00','A5EB03E21FFEF6A0E040640A040252AD','BANJARMASIN',21,'II/a',32,'III/b','0000-00-00',NULL,12,9,'12 tahun 9 bulan','Non Eselon','Non Eselon','Non Eselon','0000-00-00',NULL,'A5EB03E21D0AF6A0E040640A040252AD','BANJARMASIN','','','','','1','Menikah',0,'0000-00-00','811/542/PUSKESMAS/XII/02',NULL,NULL,NULL,'0000-00-00','9908/SKKB/XII/2002','0000-00-00',NULL,NULL,'0000-00-00','77.713.489.1.732.000','0000-00-00',' ','0000123340803',NULL,NULL,NULL,NULL,NULL,'A5EB03E21D0AF6A0E040640A040252AD','BANJARMASIN','Penata Muda Tingkat I','0000-00-00','15/LPJ.II/DIKLAT/I/2003','UP.3/5/2003','UP.33/4/2004',NULL,NULL),
('A8ACA7E49E9E3912E040640A040269BB','197506152002121001','260006891','MUHAMMAD HUSNI',NULL,NULL,'BANJARBARU','A5EB03E21F82F6A0E040640A040252AD','0000-00-00','Islam',1,'husniperdana@yahoo.co.id','1651021506750002','JL. KAPUAS NO.67 RT.02/08 BANJAR BARU',NULL,NULL,'01','PNS Pusat yang bekerja pada Departemen/Lembaga','15','PNS kena hukuman disiplin','PNS','Pria','1','Kartu Tanda Penduduk','1651021506750002','L 111856','15','SLTA','A5EB03E20C3EF6A0E040640A040252AD','SMA PAKET C','0000-00-00','0000-00-00','0000-00-00','0000-00-00','0000-00-00',NULL,'A5EB03E23B00F6A0E040640A040252AD','Badan Kepegawaian Negara','A5EB03E24348F6A0E040640A040252AD','Kantor Regional VIII BKN','08','Kantor Regional VIII BKN','A5EB03E23B00F6A0E040640A040252AD','Badan Kepegawaian Negara','4011','A5EB03E24348F6A0E040640A040252AD','Kantor Regional VIII BKN','8ae483a57224a634017259ddd740094a','Seksi Pensiun Pegawai Negeri Sipil Instansi Vertikal dan Provinsi Kantor Regional VIII BKN Banjarmasin','8ae483a57224a634017259ddd73f093e','Kantor Regional VIII BKN Banjarmasin','4','FUNGSIONAL_UMUM','PENGELOLA KEARSIPAN',NULL,NULL,NULL,NULL,'ff808081430a603401430da3884d141a','PENGELOLA KEARSIPAN','0000-00-00','A5EB03E21FFEF6A0E040640A040252AD','BANJARMASIN',13,'I/c',23,'II/c','0000-00-00',NULL,12,3,'12 tahun 3 bulan','Non Eselon','Non Eselon','Non Eselon','0000-00-00',NULL,'A5EB03E21D0AF6A0E040640A040252AD','BANJARMASIN','','','','','1','Menikah',0,'0000-00-00','1037/SKK/RSUD/2002',NULL,NULL,NULL,'0000-00-00','SKKB/5044/XII/2002/SAT/PP','0000-00-00',NULL,NULL,'0000-00-00','77.713.494.1.732.000','0000-00-00','17030101 2643.3','17030101 2643.3','70711',NULL,NULL,NULL,NULL,'A5EB03E21D0AF6A0E040640A040252AD','BANJARMASIN','Pengatur','0000-00-00','16/LPJ.II/DIKLAT/I/2003','UP.3/5/2003','UP.33/4/2004',NULL,NULL),
('A8ACA7E49EA73912E040640A040269BB','196307032000121001','260006745','GUSTI HERY RUHANSYAH',NULL,NULL,'BANJARMASIN','A5EB03E21FFEF6A0E040640A040252AD','0000-00-00','Islam',1,'gtheyruhansyah63@gmail.com','6372020307630006','PERUMAHAN WENGGA TRIKORA- BANJAR BARU',NULL,NULL,'01','PNS Pusat yang bekerja pada Departemen/Lembaga','01','Aktif','PNS','Pria','1','Kartu Tanda Penduduk','6372020307630006','K  006809','15','SLTA','A5EB03E215B5F6A0E040640A040252AD','SMA','0000-00-00','0000-00-00','0000-00-00','0000-00-00','0000-00-00',NULL,'A5EB03E23B00F6A0E040640A040252AD','Badan Kepegawaian Negara','A5EB03E24348F6A0E040640A040252AD','Kantor Regional VIII BKN','08','Kantor Regional VIII BKN','A5EB03E23B00F6A0E040640A040252AD','Badan Kepegawaian Negara','4011','A5EB03E24348F6A0E040640A040252AD','Kantor Regional VIII BKN','8ae483a57224a634017259ddd741094e','Seksi Pengelolaan Arsip Kepegawaian Instansi Vertikal dan Provinsi Kantor Regional VIII BKN Banjarmasin','8ae483a57224a634017259ddd73f093e','Kantor Regional VIII BKN Banjarmasin','2','FUNGSIONAL_TERTENTU','Analis Kepegawaian Penyelia',NULL,NULL,'A5EB03E23E32F6A0E040640A040252AD','Analis Kepegawaian Penyelia',NULL,NULL,'0000-00-00','A5EB03E21FFEF6A0E040640A040252AD','BANJARMASIN',21,'II/a',32,'III/b','0000-00-00',NULL,13,4,'13 tahun 4 bulan','Non Eselon','Non Eselon','Non Eselon','0000-00-00',NULL,'A5EB03E21D0AF6A0E040640A040252AD','BANJARMASIN','','','','','1','Menikah',0,'0000-00-00','877/SKK/RSUD/2000',NULL,NULL,NULL,'0000-00-00','SKKB/2986/XI/2000/SAT IPP','0000-00-00',NULL,NULL,'0000-00-00','77.713.467.7.732.000','0000-00-00','011899   170302','0000123340094','70712',NULL,NULL,NULL,NULL,'A5EB03E21D0AF6A0E040640A040252AD','BANJARMASIN','Penata Muda Tingkat I','0000-00-00','7803/16/LATPRAJAB/II/LAN/2001','UP.3/3/2001','UP.33/15/2001','PY',NULL),
('A8ACA7E4BAF73912E040640A040269BB','197806292002122001','260006884','ZUN MAR`ATI SHOLIH',NULL,'S.AP., M.Si.','GUNUNG KIDUL','A5EB03E2203CF6A0E040640A040252AD','0000-00-00','Islam',1,'zsholih@gmail.com','6372026906780001','KOMP SGO JL BALITAN BANJAR BARU',NULL,NULL,'01','PNS Pusat yang bekerja pada Departemen/Lembaga','01','Aktif','PNS','Wanita','1','Kartu Tanda Penduduk','6372026906780001','L 111850','45','S-2','ff8080813576557501357b9294b6220a','S-2 ADMINISTRASI PEMBANGUNAN','0000-00-00','0000-00-00','0000-00-00','0000-00-00','0000-00-00','SEPALA/ADUM/DIKLAT PIM TK.IV','A5EB03E23B00F6A0E040640A040252AD','Badan Kepegawaian Negara','A5EB03E24348F6A0E040640A040252AD','Kantor Regional VIII BKN','08','Kantor Regional VIII BKN','A5EB03E23B00F6A0E040640A040252AD','Badan Kepegawaian Negara','4011','A5EB03E24348F6A0E040640A040252AD','Kantor Regional VIII BKN','8ae483a57224a634017259ddd7400949','Seksi Verifikasi dan Pelaporan Pengangkatan dan Pensiun Kantor Regional VIII BKN Banjarmasin','8ae483a57224a634017259ddd73f093e','Kantor Regional VIII BKN Banjarmasin','1','STRUKTURAL','Kepala Seksi Verifikasi dan Pelaporan Pengangkatan dan Pensiun Kantor Regional VIII BKN Banjarmasin','8ae483a57224a634017259ddd7400949','Kepala Seksi Verifikasi dan Pelaporan Pengangkatan dan Pensiun Kantor Regional VIII BKN Banjarmasin',NULL,NULL,NULL,NULL,'0000-00-00','A5EB03E21FFEF6A0E040640A040252AD','BANJARMASIN',23,'II/c',34,'III/d','0000-00-00',NULL,15,3,'15 tahun 3 bulan','IV.a','41','4','0000-00-00',NULL,'A5EB03E21D0AF6A0E040640A040252AD','BANJARMASIN','','','','','1','Menikah',0,'0000-00-00','1058/SKK/RSUD/2002',NULL,NULL,NULL,'0000-00-00','SKKB/5061/XII/2002/SAT PP','0000-00-00',NULL,NULL,'0000-00-00','14.599.453.9.732.000','0000-00-00','0126399  170302','0000123341163','70712',NULL,NULL,NULL,NULL,'A5EB03E21D0AF6A0E040640A040252AD','BANJARMASIN','Penata Tingkat I','0000-00-00','10/LPJ.II/DIKLAT/I/2003','UP.3/5/2003','UP.33/4/2004',NULL,'JABATAN PENGAWAS'),
('A8ACA7E4C2213912E040640A040269BB','196811202000121001','260006752','SAPRIANSAH','H.','S.Sos, MM','HULU SUNGAI UTARA','A5EB03E21FFAF6A0E040640A040252AD','0000-00-00','Islam',1,'sapriansyah68@gmail.com','6372052011690002','JL. GOTONG ROYONG UJUNG RT.04/IX NO.53 BANJARBARU',NULL,NULL,'01','PNS Pusat yang bekerja pada Departemen/Lembaga','01','Aktif','PNS','Pria','1','Kartu Tanda Penduduk','6372052011690002','K 006697 / 122144 K','45','S-2','A5EB03E21306F6A0E040640A040252AD','S-2 MAGISTER MANAJEMEN','0000-00-00','0000-00-00','0000-00-00','0000-00-00','0000-00-00',NULL,'A5EB03E23B00F6A0E040640A040252AD','Badan Kepegawaian Negara','A5EB03E24348F6A0E040640A040252AD','Kantor Regional VIII BKN','08','Kantor Regional VIII BKN','A5EB03E23B00F6A0E040640A040252AD','Badan Kepegawaian Negara','4011','A5EB03E24348F6A0E040640A040252AD','Kantor Regional VIII BKN','8ae483a57224a634017259ddd741094f','Seksi Pengelolaan Arsip Kepegawaian Instansi Kabupaten/Kota Kantor Regional VIII BKN Banjarmasin','8ae483a57224a634017259ddd73f093e','Kantor Regional VIII BKN Banjarmasin','4','FUNGSIONAL_UMUM','PENGADMINISTRASI KEPEGAWAIAN',NULL,NULL,NULL,NULL,'A418D76E079DB891E040640A04021940','PENGADMINISTRASI KEPEGAWAIAN','0000-00-00','A5EB03E21FFEF6A0E040640A040252AD','BANJARMASIN',12,'I/b',33,'III/c','0000-00-00',NULL,10,10,'10 tahun 10 bulan','Non Eselon','Non Eselon','Non Eselon','0000-00-00',NULL,'A5EB03E21D0AF6A0E040640A040252AD','BANJARMASIN','A5EB03E21EF7F6A0E040640A040252AD','Banjarmasin         ','','','1','Menikah',0,'0000-00-00','34/SKK/BB/XI/2000',NULL,NULL,NULL,'0000-00-00','SKKB/2957/XI/1998/SAT IPP','0000-00-00',NULL,NULL,'0000-00-00','77.713.496.6-732.000','0000-00-00','011634   170301','0000123340893','70711',NULL,NULL,NULL,NULL,'A5EB03E21D0AF6A0E040640A040252AD','BANJARMASIN','Penata','0000-00-00','039/PRAJAB I/BKN/2001','UP.3/3/2001','UP.33/15/2001',NULL,NULL),
('A8ACA7E4EB103912E040640A040269BB','196810222001121001','260006807','ADI SUCIPTO',NULL,NULL,'MALANG','A5EB03E21F44F6A0E040640A040252AD','0000-00-00','Islam',1,'sekrekanreg8@gmail.com','6303052210680001','KOMP. CITRA BLOK B NO. 13 RT. 011 RW. 004 KEL. SUNGAI SIPAI KEC. MARTAPURA KAB. BANJAR PROV. KALIMANTAN SELATAN',NULL,NULL,'01','PNS Pusat yang bekerja pada Departemen/Lembaga','01','Aktif','PNS','Pria','1','Kartu Tanda Penduduk','6303052210680001','L 028217','15','SLTA','A5EB03E215B6F6A0E040640A040252AD','SMA A.1/FISIKA','0000-00-00','0000-00-00','0000-00-00','0000-00-00','0000-00-00',NULL,'A5EB03E23B00F6A0E040640A040252AD','Badan Kepegawaian Negara','A5EB03E24348F6A0E040640A040252AD','Kantor Regional VIII BKN','08','Kantor Regional VIII BKN','A5EB03E23B00F6A0E040640A040252AD','Badan Kepegawaian Negara','4011','A5EB03E24348F6A0E040640A040252AD','Kantor Regional VIII BKN','A8ACA73A52003912E040640A040269BB','SEKSI PENSIUN PEGAWAI NEGERI SIPIL INSTANSI VERTIKAL DAN PROVINSI','A8ACA73A51E83912E040640A040269BB','KANTOR REGIONAL VIII BKN','2','FUNGSIONAL_TERTENTU','Analis Kepegawaian Pelaksana Lanjutan / Mahir',NULL,NULL,'A5EB03E23E33F6A0E040640A040252AD','Analis Kepegawaian Pelaksana Lanjutan / Mahir',NULL,NULL,'0000-00-00','A5EB03E21FFEF6A0E040640A040252AD','BANJARMASIN',21,'II/a',32,'III/b','0000-00-00',NULL,12,10,'12 tahun 10 bulan','Non Eselon','Non Eselon','Non Eselon','0000-00-00',NULL,'A5EB03E21D0AF6A0E040640A040252AD','BANJARMASIN','','','','','1','Menikah',0,'0000-00-00',NULL,NULL,NULL,NULL,'0000-00-00','SKKB/2289/X/2001/SAT IPP','0000-00-00',NULL,NULL,'0000-00-00','77.713.485.9.732.000','0000-00-00','002729.6 170402','002729.6 170402','70612',NULL,NULL,NULL,NULL,'A5EB03E21D0AF6A0E040640A040252AD','BANJARMASIN','Penata Muda Tingkat I','0000-00-00','252/1/KANREG.III/072/XI/2002','UP.3/6/2002','UP.33/6/2003','MH',NULL),
('A8ACA7E500603912E040640A040269BB','198002152000122001','260006746','PATIMAH',NULL,NULL,'HULU SUNGAI TENGAH','A5EB03E21FF9F6A0E040640A040252AD','0000-00-00','Islam',1,'patimahchapunk@gmail.com','6372025502800002','JL.A YANI KM. 33 GUNTUNG PAYUNG',NULL,NULL,'01','PNS Pusat yang bekerja pada Departemen/Lembaga','01','Aktif','PNS','Wanita','1','Kartu Tanda Penduduk','6372025502800002','K  006808','15','SLTA','A5EB03E215B5F6A0E040640A040252AD','SMA','0000-00-00','0000-00-00','0000-00-00','0000-00-00','0000-00-00',NULL,'A5EB03E23B00F6A0E040640A040252AD','Badan Kepegawaian Negara','A5EB03E24348F6A0E040640A040252AD','Kantor Regional VIII BKN','08','Kantor Regional VIII BKN','A5EB03E23B00F6A0E040640A040252AD','Badan Kepegawaian Negara','4011','A5EB03E24348F6A0E040640A040252AD','Kantor Regional VIII BKN','A8ACA73A520A3912E040640A040269BB','SEKSI PENGELOLAAN ARSIP KEPEGAWAIAN INSTANSI KABUPATEN/KOTA','A8ACA73A51E83912E040640A040269BB','KANTOR REGIONAL VIII BKN','2','FUNGSIONAL_TERTENTU','Analis Kepegawaian Penyelia',NULL,NULL,'A5EB03E23E32F6A0E040640A040252AD','Analis Kepegawaian Penyelia',NULL,NULL,'0000-00-00','A5EB03E21FFEF6A0E040640A040252AD','BANJARMASIN',21,'II/a',33,'III/c','0000-00-00',NULL,14,4,'14 tahun 4 bulan','Non Eselon','Non Eselon','Non Eselon','0000-00-00',NULL,'A5EB03E21D0AF6A0E040640A040252AD','BANJARMASIN','','','','','1','Menikah',0,'0000-00-00','61/SKK/PKM-SB/XI/2000',NULL,NULL,NULL,'0000-00-00','SKKB/2974/XI/2000/SAT IPP','0000-00-00',NULL,NULL,'0000-00-00','77.713.513.8.732.000','0000-00-00','011633.9 170302','0000123340792','70721',NULL,NULL,NULL,NULL,'A5EB03E21D0AF6A0E040640A040252AD','BANJARMASIN','Penata','0000-00-00','7841.16/LATPARAJAB/II/LAN/2001','UP.3/3/2001','UP.33/15/2001','PY',NULL),
('A8ACA7E5180E3912E040640A040269BB','196604101995111001','260006389','NOOR AFIAT',NULL,'SH','BANJARBARU','A5EB03E21F82F6A0E040640A040252AD','0000-00-00','Islam',1,'noorafiat66@gmail.com','6372051004660002','KOMP. BKN JL. BHAYANGKARA NO. 1 SEI BESAR BANJARBARU 70714',NULL,NULL,'01','PNS Pusat yang bekerja pada Departemen/Lembaga','01','Aktif','PNS','Pria','1','Kartu Tanda Penduduk','6372051004660002','G 273972','40','S-1/Sarjana','A5EB03E21362F6A0E040640A040252AD','S-1 HUKUM KEPERDATAAN','0000-00-00','0000-00-00','0000-00-00','0000-00-00','0000-00-00',NULL,'A5EB03E23B00F6A0E040640A040252AD','Badan Kepegawaian Negara','A5EB03E24348F6A0E040640A040252AD','Kantor Regional VIII BKN','08','Kantor Regional VIII BKN','A5EB03E23B00F6A0E040640A040252AD','Badan Kepegawaian Negara','4011','A5EB03E24348F6A0E040640A040252AD','Kantor Regional VIII BKN','A8ACA73A520E3912E040640A040269BB','SEKSI PEMANFAATAN TEKNOLOGI INFORMASI','A8ACA73A51E83912E040640A040269BB','KANTOR REGIONAL VIII BKN','1','STRUKTURAL','KEPALA SEKSI PEMANFAATAN TEKNOLOGI INFORMASI','A8ACA73A520E3912E040640A040269BB','KEPALA SEKSI PEMANFAATAN TEKNOLOGI INFORMASI',NULL,NULL,NULL,NULL,'0000-00-00','A5EB03E21FFEF6A0E040640A040252AD','BANJARMASIN',31,'III/a',34,'III/d','0000-00-00',NULL,12,5,'12 tahun 5 bulan','IV.a','41','4','0000-00-00',NULL,'A5EB03E21D0AF6A0E040640A040252AD','BANJARMASIN','','','','','2','Cerai',0,'0000-00-00',NULL,NULL,NULL,NULL,'0000-00-00',NULL,'0000-00-00',NULL,NULL,'0000-00-00','77.713.474.3.732.000','0000-00-00','012592 7 170303','0000123340634','70712',NULL,NULL,NULL,NULL,'A5EB03E21D0AF6A0E040640A040252AD','BANJARMASIN','Penata Tingkat I','0000-00-00','0','UP.3/3/1995','UP.33/2/1997',NULL,'JABATAN PENGAWAS'),
('A8ACA7E518113912E040640A040269BB','197312202001122002','260006805','RISMAWATI',NULL,'S.Sos','BANJARMASIN','A5EB03E21FFEF6A0E040640A040252AD','0000-00-00','Islam',1,'rismarafly@gmail.com','6372026012730004','JL. A. YANI KM. 28,5 KOMP. BHP NO. 17 RT. 031 RW. 005 KEL. GUNTUNG MANGGIS KEC. LANDASAN ULIN KOTA B.BARU PROP. KALSEL',NULL,NULL,'01','PNS Pusat yang bekerja pada Departemen/Lembaga','01','Aktif','PNS','Wanita','1','Kartu Tanda Penduduk','6372026012730004','L 028218','40','S-1/Sarjana','ff808081513cb660015146aeef9b6edd','S-1 ADMINISTRASI NEGARA','0000-00-00','0000-00-00','0000-00-00','0000-00-00','0000-00-00',NULL,'A5EB03E23B00F6A0E040640A040252AD','Badan Kepegawaian Negara','A5EB03E24348F6A0E040640A040252AD','Kantor Regional VIII BKN','08','Kantor Regional VIII BKN','A5EB03E23B00F6A0E040640A040252AD','Badan Kepegawaian Negara','4011','A5EB03E24348F6A0E040640A040252AD','Kantor Regional VIII BKN','A8ACA73A52003912E040640A040269BB','SEKSI PENSIUN PEGAWAI NEGERI SIPIL INSTANSI VERTIKAL DAN PROVINSI','A8ACA73A51E83912E040640A040269BB','KANTOR REGIONAL VIII BKN','2','FUNGSIONAL_TERTENTU','Analis Kepegawaian Muda / Ahli Muda',NULL,NULL,'A5EB03E23E30F6A0E040640A040252AD','Analis Kepegawaian Muda / Ahli Muda',NULL,NULL,'0000-00-00','A5EB03E21FFEF6A0E040640A040252AD','BANJARMASIN',21,'II/a',34,'III/d','0000-00-00',NULL,17,10,'17 tahun 10 bulan','Non Eselon','Non Eselon','Non Eselon','0000-00-00',NULL,'A5EB03E21D0AF6A0E040640A040252AD','BANJARMASIN','A5EB03E21EF7F6A0E040640A040252AD','Banjarmasin         ','','','1','Menikah',0,'0000-00-00',NULL,NULL,NULL,NULL,'0000-00-00',NULL,'0000-00-00',NULL,NULL,'0000-00-00','77.713.475.0.732.000','0000-00-00','17030201 274994','17030201 274994','70714',NULL,NULL,NULL,NULL,'A5EB03E21D0AF6A0E040640A040252AD','BANJARMASIN','Penata Tingkat I','0000-00-00','252/1/KANREG.III/126/XI/2002','UP.3/6/2002','UP.33/6/2003','MU',NULL),
('A8ACA7E518143912E040640A040269BB','197412142001122001','260006806','RUSMAIDA SITUMORANG',NULL,'S.Sos.,MA','PEMATANGSIANTAR','A5EB03E21F74F6A0E040640A040252AD','0000-00-00','Kristen',2,'rossrankz@gmail.com','6372055412740002','JL PM NOOR PERUM CITRA GARDEN NO.7 BANJARBARU','081251110074','-','01','PNS Pusat yang bekerja pada Departemen/Lembaga','01','Aktif','PNS','Wanita','1','Kartu Tanda Penduduk','6372055412740002','L 028220','45','S-2','ff8080813f13dd4e013f2d58556016b4','S-2 MAGISTER ADMINISTRASI','0000-00-00','0000-00-00','0000-00-00','0000-00-00','0000-00-00','SEPALA/ADUM/DIKLAT PIM TK.IV','A5EB03E23B00F6A0E040640A040252AD','Badan Kepegawaian Negara','A5EB03E24348F6A0E040640A040252AD','Kantor Regional VIII BKN','08','Kantor Regional VIII BKN','A5EB03E23B00F6A0E040640A040252AD','Badan Kepegawaian Negara','4011','A5EB03E24348F6A0E040640A040252AD','Kantor Regional VIII BKN','A8ACA73A52003912E040640A040269BB','SEKSI PENSIUN PEGAWAI NEGERI SIPIL INSTANSI VERTIKAL DAN PROVINSI','A8ACA73A51E83912E040640A040269BB','KANTOR REGIONAL VIII BKN','1','STRUKTURAL','KEPALA SEKSI PENSIUN PEGAWAI NEGERI SIPIL INSTANSI VERTIKAL DAN PROVINSI','A8ACA73A52003912E040640A040269BB','KEPALA SEKSI PENSIUN PEGAWAI NEGERI SIPIL INSTANSI VERTIKAL DAN PROVINSI',NULL,NULL,NULL,NULL,'0000-00-00','A5EB03E21F82F6A0E040640A040252AD','BANJARBARU',21,'II/a',34,'III/d','0000-00-00',NULL,13,4,'13 tahun 4 bulan','IV.a','41','4','0000-00-00',NULL,'A5EB03E21EE1F6A0E040640A040252AD','BANJARBARU','','','','','1','Menikah',0,'0000-00-00',NULL,NULL,NULL,NULL,'0000-00-00',NULL,'0000-00-00',NULL,NULL,'0000-00-00','77.713.464.4-732.000','0000-00-00','17030212 2630  ','0000123340882','70711',NULL,NULL,NULL,NULL,'A5EB03E21EE1F6A0E040640A040252AD','BANJARBARU','Penata Tingkat I','0000-00-00','252/1/KANREG.III/131/XI/2002','UP.3/6/2002','UP.33/6/2003',NULL,'JABATAN PENGAWAS'),
('A8ACA7E569F03912E040640A040269BB','197708082001121001','260006808','AGUS HASANUDIN',NULL,NULL,'TASIKMALAYA','A5EB03E22064F6A0E040640A040252AD','0000-00-00','Islam',1,'azzhazz92@gmail.com','6372060808770004','KOMP. GRIYA JATI PERMAI NO. 13 SUNGAI BESAR BANJARBARU',NULL,NULL,'01','PNS Pusat yang bekerja pada Departemen/Lembaga','01','Aktif','PNS','Pria','1','Kartu Tanda Penduduk','6372060808770004','L 028219','15','SLTA','A5EB03E215BAF6A0E040640A040252AD','MADRASAH ALIYAH','0000-00-00','0000-00-00','0000-00-00','0000-00-00','0000-00-00',NULL,'A5EB03E23B00F6A0E040640A040252AD','Badan Kepegawaian Negara','A5EB03E24348F6A0E040640A040252AD','Kantor Regional VIII BKN','08','Kantor Regional VIII BKN','A5EB03E23B00F6A0E040640A040252AD','Badan Kepegawaian Negara','4011','A5EB03E24348F6A0E040640A040252AD','Kantor Regional VIII BKN','A8ACA73A52043912E040640A040269BB','SEKSI PENGANGKATAN APARATUR SIPIL NEGARA','A8ACA73A51E83912E040640A040269BB','KANTOR REGIONAL VIII BKN','2','FUNGSIONAL_TERTENTU','Analis Kepegawaian Pelaksana Lanjutan / Mahir',NULL,NULL,'A5EB03E23E33F6A0E040640A040252AD','Analis Kepegawaian Pelaksana Lanjutan / Mahir',NULL,NULL,'0000-00-00','A5EB03E21FFEF6A0E040640A040252AD','BANJARMASIN',21,'II/a',32,'III/b','0000-00-00',NULL,12,10,'12 tahun 10 bulan','Non Eselon','Non Eselon','Non Eselon','0000-00-00',NULL,'A5EB03E21D0AF6A0E040640A040252AD','BANJARMASIN','','','','','1','Menikah',0,'0000-00-00',NULL,NULL,NULL,NULL,'0000-00-00',NULL,'0000-00-00',NULL,NULL,'0000-00-00','77.713.483.4.732.000','0000-00-00','17030201 26442 ','0000123339868','70711',NULL,NULL,NULL,NULL,'A5EB03E21D0AF6A0E040640A040252AD','BANJARMASIN','Penata Muda Tingkat I','0000-00-00','0','UP.3/6/2002','UP.33/6/2003','MH',NULL),
('A8ACA7E8D8D53912E040640A040269BB','198710032009122001',NULL,'DIAH KURNIATI',NULL,'S.Ikom','BANJAR','A5EB03E21FEBF6A0E040640A040252AD','0000-00-00','Islam',1,NULL,'630305431087008','JL. MENTERI 4 GG. SETIA ABADI NO.5C MARTAPURA, KAB. BANJAR, KALIMANTAN SELATAN 70611',NULL,NULL,'01','PNS Pusat yang bekerja pada Departemen/Lembaga','01','Aktif','PNS','Wanita','1','Kartu Tanda Penduduk','630305431087008','P 364886 / 008746 MN','40','S-1/Sarjana','A5EB03E20E59F6A0E040640A040252AD','S-1 ILMU KOMUNIKASI','0000-00-00','0000-00-00','0000-00-00','0000-00-00','0000-00-00',NULL,'A5EB03E23B00F6A0E040640A040252AD','Badan Kepegawaian Negara','A5EB03E24348F6A0E040640A040252AD','Kantor Regional VIII BKN','08','Kantor Regional VIII BKN','A5EB03E23B00F6A0E040640A040252AD','Badan Kepegawaian Negara','4011','A5EB03E24348F6A0E040640A040252AD','Kantor Regional VIII BKN','8ae483a57224a634017259ddd7410950','Seksi Pengolahan Data dan Diseminasi Informasi Kepegawaian Kantor Regional VIII BKN Banjarmasin','8ae483a57224a634017259ddd73f093e','Kantor Regional VIII BKN Banjarmasin','4','FUNGSIONAL_UMUM','ANALIS DATA DAN INFORMASI',NULL,NULL,NULL,NULL,'A418D76DFF72B891E040640A04021940','ANALIS DATA DAN INFORMASI','0000-00-00','A5EB03E21FFEF6A0E040640A040252AD','BANJARMASIN',31,'III/a',32,'III/b','0000-00-00',NULL,4,10,'4 tahun 10 bulan','Non Eselon','Non Eselon','Non Eselon','0000-00-00',NULL,'A5EB03E21D0AF6A0E040640A040252AD','BANJARMASIN','','','','','1','Menikah',0,'0000-00-00','812/830/TU-MR/XI/2009',NULL,NULL,NULL,'0000-00-00',NULL,'0000-00-00',NULL,NULL,'0000-00-00','154193460732000','0000-00-00',NULL,'0000164984916',NULL,NULL,NULL,NULL,NULL,'A5EB03E21D0AF6A0E040640A040252AD','BANJARMASIN','Penata Muda Tingkat I','0000-00-00','4259/XXXV/PRAJAB III/BKN/2010','UP.3/9/2009','UP.33/9/2011',NULL,NULL),
('A8ACA7E8D8D83912E040640A040269BB','198112272009121001',NULL,'ADHITYA WIRADILAGA',NULL,'SH','TAPIN','A5EB03E220CCF6A0E040640A040252AD','0000-00-00','Islam',1,'wiradilaga81@gmail.com','6303052712810002','KOMP.LUTFHIA TUNGGAL BLOK C.27 MARTAPURA',NULL,NULL,'01','PNS Pusat yang bekerja pada Departemen/Lembaga','01','Aktif','PNS','Pria','1','Kartu Tanda Penduduk','6303052712810002','P 364887 / 012594 K','40','S-1/Sarjana','ff8080815123bf7a01513345e9d655a3','S-1 HUKUM','0000-00-00','0000-00-00','0000-00-00','0000-00-00','0000-00-00','SEPALA/ADUM/DIKLAT PIM TK.IV','A5EB03E23B00F6A0E040640A040252AD','Badan Kepegawaian Negara','A5EB03E24348F6A0E040640A040252AD','Kantor Regional VIII BKN','08','Kantor Regional VIII BKN','A5EB03E23B00F6A0E040640A040252AD','Badan Kepegawaian Negara','4011','A5EB03E24348F6A0E040640A040252AD','Kantor Regional VIII BKN','A8ACA73A52043912E040640A040269BB','SEKSI PENGANGKATAN APARATUR SIPIL NEGARA','A8ACA73A51E83912E040640A040269BB','KANTOR REGIONAL VIII BKN','1','STRUKTURAL','KEPALA SEKSI PENGANGKATAN APARATUR SIPIL NEGARA','A8ACA73A52043912E040640A040269BB','KEPALA SEKSI PENGANGKATAN APARATUR SIPIL NEGARA',NULL,NULL,NULL,NULL,'0000-00-00','A5EB03E21FFEF6A0E040640A040252AD','BANJARMASIN',31,'III/a',33,'III/c','0000-00-00',NULL,8,10,'8 tahun 10 bulan','IV.a','41','4','0000-00-00',NULL,'A5EB03E21D0AF6A0E040640A040252AD','BANJARMASIN','','','','','1','Menikah',0,'0000-00-00','731/SKPN/RSUD/2009',NULL,NULL,NULL,'0000-00-00',NULL,'0000-00-00',NULL,NULL,'0000-00-00','15.419.345732.000','0000-00-00','0000164983713','0000164983713',NULL,NULL,NULL,NULL,NULL,'A5EB03E21D0AF6A0E040640A040252AD','BANJARMASIN','Penata','0000-00-00','4252/XXXV/PRAJAB III/BKN/2010','UP.3/9/2009','UP.33/9/2011',NULL,'JABATAN PENGAWAS'),
('A8ACA7E8D8DB3912E040640A040269BB','198709082009122001',NULL,'NURITA IRIANI',NULL,'SH, M.H.','BANJARBARU','A5EB03E21F82F6A0E040640A040252AD','0000-00-00','Islam',1,'rithaborneo28@gmail.com','6372064809870001','JL. BINA KARYA NO. 28 D RT.16 RW. 004 KEL.KEMUNING KEC. BANJARBARU SELATAN KOTA BANJARBARU',NULL,NULL,'01','PNS Pusat yang bekerja pada Departemen/Lembaga','01','Aktif','PNS','Wanita','1','Kartu Tanda Penduduk','6372064809870001','P 364885 / 139699 MN','45','S-2','8ae4828835f1f6a00135f1ff3296000f','S-2 MAGISTER HUKUM','0000-00-00','0000-00-00','0000-00-00','0000-00-00','0000-00-00','SEPALA/ADUM/DIKLAT PIM TK.IV','A5EB03E23B00F6A0E040640A040252AD','Badan Kepegawaian Negara','A5EB03E24348F6A0E040640A040252AD','Kantor Regional VIII BKN','08','Kantor Regional VIII BKN','A5EB03E23B00F6A0E040640A040252AD','Badan Kepegawaian Negara','4011','A5EB03E24348F6A0E040640A040252AD','Kantor Regional VIII BKN','A8ACA73A51EE3912E040640A040269BB','SUBBAGIAN KEPEGAWAIAN','A8ACA73A51E83912E040640A040269BB','KANTOR REGIONAL VIII BKN','1','STRUKTURAL','KEPALA SUBBAGIAN KEPEGAWAIAN','A8ACA73A51EE3912E040640A040269BB','KEPALA SUBBAGIAN KEPEGAWAIAN',NULL,NULL,NULL,NULL,'0000-00-00','A5EB03E21FFEF6A0E040640A040252AD','BANJARMASIN',31,'III/a',34,'III/d','0000-00-00',NULL,10,4,'10 tahun 4 bulan','IV.a','41','4','0000-00-00',NULL,'','','','','','','1','Menikah',0,'0000-00-00','2045/SKK/RSUD/2009',NULL,NULL,'721/SKPN/RSUD/2009','0000-00-00','4308/SKCK/XI/2009','0000-00-00','772/IX.CS_KB/1987',NULL,'0000-00-00','15.419.344.5-732.000','0000-00-00','0000164985333',NULL,NULL,NULL,NULL,NULL,NULL,'','','Penata Tingkat I','0000-00-00','4303/XXXV/PRAJAB III/BKN/2010','UP.3/9/2009','UP.33/9/2011',NULL,'JABATAN PENGAWAS'),
('A8ACA7E8D8DE3912E040640A040269BB','198410162009121002',NULL,'SURYA ADDY SAPUTRA',NULL,'S.AP','BANJARBARU','A5EB03E21F82F6A0E040640A040252AD','0000-00-00','Islam',1,'suryaaddysaputra@yahoo.co.id','6372061610840001',' PERUM LISTRIK 2 NO. 42 GT. PAIKAT BANJARBARU SELATAN','081348616365',NULL,'01','PNS Pusat yang bekerja pada Departemen/Lembaga','01','Aktif','PNS','Pria','1','Kartu Tanda Penduduk','6372061610840001','P.364884','40','S-1/Sarjana','ff8080813ad91565013af81db19f6a3f','S-1 ADMINISTRASI PUBLIK','0000-00-00','0000-00-00','0000-00-00','0000-00-00','0000-00-00','SEPALA/ADUM/DIKLAT PIM TK.IV','A5EB03E23B00F6A0E040640A040252AD','Badan Kepegawaian Negara','A5EB03E24348F6A0E040640A040252AD','Kantor Regional VIII BKN','08','Kantor Regional VIII BKN','A5EB03E23B00F6A0E040640A040252AD','Badan Kepegawaian Negara','4011','A5EB03E24348F6A0E040640A040252AD','Kantor Regional VIII BKN','8ae483a57224a634017259ddd7420957','Unit Penyelenggara Seleksi Calon dan Penilaian Kompetensi Pegawai Aparatur Sipil Negara Balikpapan','8ae483a57224a634017259ddd73f093e','Kantor Regional VIII BKN Banjarmasin','1','STRUKTURAL','Kepala Unit Penyelenggara Seleksi Calon dan Penilaian Kompetensi Pegawai Aparatur Sipil Negara Balik','8ae483a57224a634017259ddd7420957','Kepala Unit Penyelenggara Seleksi Calon dan Penilaian Kompetensi Pegawai Aparatur Sipil Negara Balik',NULL,NULL,NULL,NULL,'0000-00-00','A5EB03E21FFEF6A0E040640A040252AD','BANJARMASIN',31,'III/a',33,'III/c','0000-00-00',NULL,8,10,'8 tahun 10 bulan','IV.a','41','4','0000-00-00',NULL,'A5EB03E21D0AF6A0E040640A040252AD','BANJARMASIN','','','','','1','Menikah',0,'0000-00-00','812/829/TU-MR/XI/2009',NULL,NULL,NULL,'0000-00-00',NULL,'0000-00-00',NULL,NULL,'0000-00-00','15.419.343.7732.000','0000-00-00',NULL,'0000164983893',NULL,NULL,NULL,NULL,NULL,'A5EB03E21D0AF6A0E040640A040252AD','BANJARMASIN','Penata','0000-00-00','4275/XXXV/PRAJAB III/BKN/2010','UP.3/9/2009','UP.33/9/2011',NULL,'JABATAN PENGAWAS'),
('A8ACA7E8D8E13912E040640A040269BB','198612312009121001',NULL,'MUHAMMAD SYARIF',NULL,'S.Sos, M.IP.','BARITO KUALA','A5EB03E21FECF6A0E040640A040252AD','0000-00-00','Islam',1,'Syarif198631@gmail.com','6304153112860001','JL. MARKISA BLOK. G NO.6 RT. 27 RW.06 KEL. SEI ULIN BANJARBARU','085751247303',NULL,'01','PNS Pusat yang bekerja pada Departemen/Lembaga','01','Aktif','PNS','Pria','1','Kartu Tanda Penduduk','6304153112860001','P364888','45','S-2','E86E1A1A07B2B570E040640A18027F34','S-2 MAGISTER ILMU PEMERINTAHAN','0000-00-00','0000-00-00','0000-00-00','0000-00-00','0000-00-00',NULL,'A5EB03E23B00F6A0E040640A040252AD','Badan Kepegawaian Negara','A5EB03E24348F6A0E040640A040252AD','Kantor Regional VIII BKN','08','Kantor Regional VIII BKN','A5EB03E23B00F6A0E040640A040252AD','Badan Kepegawaian Negara','4011','A5EB03E24348F6A0E040640A040252AD','Kantor Regional VIII BKN','A8ACA73A52163912E040640A040269BB','SEKSI SUPERVISI KEPEGAWAIAN','A8ACA73A51E83912E040640A040269BB','KANTOR REGIONAL VIII BKN','2','FUNGSIONAL_TERTENTU','Auditor Kepegawaian Pertama / Ahli Pertama',NULL,NULL,'D82C966532FD7042E040640A02020A8A','Auditor Kepegawaian Pertama / Ahli Pertama',NULL,NULL,'0000-00-00','A5EB03E21FFEF6A0E040640A040252AD','BANJARMASIN',31,'III/a',32,'III/b','0000-00-00',NULL,0,0,'0 tahun 0 bulan','Non Eselon','Non Eselon','Non Eselon','0000-00-00',NULL,'A5EB03E21D0AF6A0E040640A040252AD','BANJARMASIN','','','','','1','Menikah',0,'0000-00-00','465-LAB/RSU-MRB/2009',NULL,NULL,NULL,'0000-00-00',NULL,'0000-00-00',NULL,NULL,'0000-00-00','15.443.491.4-732.000','0000-00-00',NULL,'0000164985761',NULL,NULL,NULL,NULL,NULL,'A5EB03E21D0AF6A0E040640A040252AD','BANJARMASIN','Penata Muda Tingkat I','0000-00-00','4302/XXXV/PRAJAB III/BKN/2010','UP.3/9/2009','UP.33/9/2011','PT',NULL),
('A8ACA7E9A78D3912E040640A040269BB','197911082009121001',NULL,'ALFIAN ZULKIRAM',NULL,'S.Sos, M.AP','BANJARMASIN','A5EB03E21FFEF6A0E040640A040252AD','0000-00-00','Islam',1,'alfianzulkiram@yahoo.co.id','6372066901150002','KOMP. WIDYA CITRA ELOK III NO. 2 BANJARBARU',NULL,NULL,'01','PNS Pusat yang bekerja pada Departemen/Lembaga','01','Aktif','PNS','Pria','1','Kartu Tanda Penduduk','6372066901150002','P 364883','45','S-2','8ae4828939f5c253013a00346fce2f82','S-2 MAGISTER ADMINISTRASI PUBLIK','0000-00-00','0000-00-00','0000-00-00','0000-00-00','0000-00-00',NULL,'A5EB03E23B00F6A0E040640A040252AD','Badan Kepegawaian Negara','A5EB03E240F7F6A0E040640A040252AD','Badan Kepegawaian Negara  ','08','Kantor Regional VIII BKN','A5EB03E23B00F6A0E040640A040252AD','Badan Kepegawaian Negara','4011','A5EB03E24348F6A0E040640A040252AD','Kantor Regional VIII BKN','A8ACA73A52123912E040640A040269BB','SEKSI FASILITASI PENGEMBANGAN KEPEGAWAIAN','A8ACA73A51E83912E040640A040269BB','KANTOR REGIONAL VIII BKN','2','FUNGSIONAL_TERTENTU','Auditor Kepegawaian Muda / Ahli Muda',NULL,NULL,'D82C966532FE7042E040640A02020A8A','Auditor Kepegawaian Muda / Ahli Muda',NULL,NULL,'0000-00-00','A5EB03E21FFEF6A0E040640A040252AD','BANJARMASIN',31,'III/a',34,'III/d','0000-00-00',NULL,10,10,'10 tahun 10 bulan','Non Eselon','Non Eselon','Non Eselon','0000-00-00',NULL,'A5EB03E21D0AF6A0E040640A040252AD','BANJARMASIN','A5EB03E21EF7F6A0E040640A040252AD','Banjarmasin         ','','','1','Menikah',0,'0000-00-00','727/SKPN/RSUD/2009',NULL,NULL,NULL,'0000-00-00',NULL,'0000-00-00',NULL,NULL,'0000-00-00','15.419.342.9732.000','0000-00-00',NULL,'0000164983228',NULL,NULL,NULL,NULL,NULL,'A5EB03E21D0AF6A0E040640A040252AD','BANJARMASIN','Penata Tingkat I','0000-00-00','4282/XXXV/PRAJAB III/BKN/2010','UP.3/9/2009','UP.33/9/2011','MU',NULL),
('EF101D1DB248C22AE040640A02023DD3','198104132014022001',NULL,'MARINI',NULL,'S.AP','SLEMAN','A5EB03E2203DF6A0E040640A040252AD','0000-00-00','Islam',1,'marinibkn8@gmail.com','3404065304810005','JL. BHAYANGKARA NO.1 KOMP. BKN, RT.029 RW. 005, SUNGAI BESAR, BANJARBARU SELATAN, KOTA BANJARBARU.','082323122112',NULL,'01','PNS Pusat yang bekerja pada Departemen/Lembaga','01','Aktif','PNS','Wanita','1','Kartu Tanda Penduduk','3404065304810005','B 08000145','40','S-1/Sarjana','8ae4828752202e5801522fa681350be2','S-1 ILMU ADMINISTRASI NEGARA','0000-00-00','0000-00-00','0000-00-00','0000-00-00','0000-00-00',NULL,'A5EB03E23B00F6A0E040640A040252AD','Badan Kepegawaian Negara','A5EB03E24348F6A0E040640A040252AD','Kantor Regional VIII BKN','08','Kantor Regional VIII BKN','A5EB03E23B00F6A0E040640A040252AD','Badan Kepegawaian Negara','4011','A5EB03E24348F6A0E040640A040252AD','Kantor Regional VIII BKN','A8ACA73A51F43912E040640A040269BB','SEKSI VERIFIKASI DAN PELAPORAN MUTASI DAN STATUS KEPEGAWAIAN','A8ACA73A51E83912E040640A040269BB','KANTOR REGIONAL VIII BKN','2','FUNGSIONAL_TERTENTU','Arsiparis Pelaksana Lanjutan / Mahir',NULL,NULL,'A5EB03E23FA4F6A0E040640A040252AD','Arsiparis Pelaksana Lanjutan / Mahir',NULL,NULL,'0000-00-00','A5EB03E21FFEF6A0E040640A040252AD','BANJARMASIN',23,'II/c',31,'III/a','0000-00-00','03/SPMT/KEPEG/KR.VIII/2014',3,8,'3 tahun 8 bulan','Non Eselon','Non Eselon','Non Eselon','0000-00-00',NULL,'A5EB03E21D0AF6A0E040640A040252AD','BANJARMASIN','','','','','1','Menikah',0,'0000-00-00','812/0027/2014',NULL,NULL,'812/0028/2014','0000-00-00','SKCK/YANMAS/21.117/IX/2013/SAT INTELKAM','0000-00-00','-','-','0000-00-00','70.470.530.0-732.000','0000-00-00','0001433060684','0001433060684',NULL,'03/SPMT/KEPEG/KR.VIII/2014',NULL,NULL,NULL,'A5EB03E21D0AF6A0E040640A040252AD','BANJARMASIN','Penata Muda','0000-00-00','00007217/DIKLATPRAJAB II/088/32010/LAN/2014','UP.3/2/2014','UP.33/2/2015','MH',NULL),
('EF1040F0D0AD0824E040640A02025771','198301222014022001',NULL,'PURBA ARIYANTINI',NULL,'S.AP','PONOROGO','A5EB03E22040F6A0E040640A040252AD','0000-00-00','Islam',1,'arinsoenarto@gmail.com','6372026201830001','JL. KASTURI I GG.VI RT.033 RW.007 KEL.SYAMSUDIN NOOR KEC.LANDASAN ULIN, BANJARBARU, KALSEL','081250449776','081250449776','01','PNS Pusat yang bekerja pada Departemen/Lembaga','01','Aktif','PNS','Wanita','1','Kartu Tanda Penduduk','6372026201830001','B 08000143','40','S-1/Sarjana','8ae4828752202e5801522fa681350be2','S-1 ILMU ADMINISTRASI NEGARA','0000-00-00','0000-00-00','0000-00-00','0000-00-00','0000-00-00',NULL,'A5EB03E23B00F6A0E040640A040252AD','Badan Kepegawaian Negara','A5EB03E24348F6A0E040640A040252AD','Kantor Regional VIII BKN','08','Kantor Regional VIII BKN','A5EB03E23B00F6A0E040640A040252AD','Badan Kepegawaian Negara','4011','A5EB03E24348F6A0E040640A040252AD','Kantor Regional VIII BKN','A8ACA73A51EE3912E040640A040269BB','SUBBAGIAN KEPEGAWAIAN','A8ACA73A51E83912E040640A040269BB','KANTOR REGIONAL VIII BKN','2','FUNGSIONAL_TERTENTU','Analis Kepegawaian Pelaksana Lanjutan / Mahir',NULL,NULL,'A5EB03E23E33F6A0E040640A040252AD','Analis Kepegawaian Pelaksana Lanjutan / Mahir',NULL,NULL,'0000-00-00','A5EB03E21FFEF6A0E040640A040252AD','BANJARMASIN',23,'II/c',31,'III/a','0000-00-00','09/SPMT/KEPEG/KR.VIII/2014',8,6,'8 tahun 6 bulan','Non Eselon','Non Eselon','Non Eselon','0000-00-00',NULL,'A5EB03E21D0AF6A0E040640A040252AD','BANJARMASIN','','','','','1','Menikah',0,'0000-00-00','812/115U/MCU/RSUU',NULL,NULL,'812/160N-MCU/RSUU','0000-00-00','SKCK/YANMAS/5207/IX/2013/SAT.INTELKAM','0000-00-00','-',NULL,'0000-00-00','16.022.123.0-732.000','0000-00-00','0001433053348',NULL,NULL,'09/SPMT/KEPEG/KR.VIII/2014',NULL,NULL,NULL,'A5EB03E21D0AF6A0E040640A040252AD','BANJARMASIN','Penata Muda','0000-00-00','00007221/DIKLAT PRAJAB II/088/3201/LAN/2014','UP.3/2/2014','UP.33/2/2015','MH',NULL),
('EF1040F0D0BD0824E040640A02025771','198705022014022001',NULL,'SEKAR CINTA ANTARNUSA',NULL,'SH','BANJARMASIN','A5EB03E21FFEF6A0E040640A040252AD','0000-00-00','Islam',1,'sekarcinta.bkn8@gmail.com','3573014205870003','IKAN NUS II NO.17 KAV.10 RT.008 RW.002 KEL.TANJUNG SEKAR KEC.LOWOKWARU, MALANG, JATIM','085646356944','08811607579','01','PNS Pusat yang bekerja pada Departemen/Lembaga','01','Aktif','PNS','Wanita','1','Kartu Tanda Penduduk','3573014205870003','B 08000142','40','S-1/Sarjana','ff8080815123bf7a0151334af571596a','S-1 ILMU HUKUM','0000-00-00','0000-00-00','0000-00-00','0000-00-00','0000-00-00',NULL,'A5EB03E23B00F6A0E040640A040252AD','Badan Kepegawaian Negara','A5EB03E240F7F6A0E040640A040252AD','Badan Kepegawaian Negara  ','08','Kantor Regional VIII BKN','A5EB03E23B00F6A0E040640A040252AD','Badan Kepegawaian Negara','4011','A5EB03E24348F6A0E040640A040252AD','Kantor Regional VIII BKN','A8ACA73A52123912E040640A040269BB','SEKSI FASILITASI PENGEMBANGAN KEPEGAWAIAN','A8ACA73A51E83912E040640A040269BB','KANTOR REGIONAL VIII BKN','2','FUNGSIONAL_TERTENTU','Auditor Kepegawaian Pertama / Ahli Pertama',NULL,NULL,'D82C966532FD7042E040640A02020A8A','Auditor Kepegawaian Pertama / Ahli Pertama',NULL,NULL,'0000-00-00','A5EB03E21FFEF6A0E040640A040252AD','BANJARMASIN',31,'III/a',32,'III/b','0000-00-00','01/SPMT/KEPEG/KR.VIII/2014',3,8,'3 tahun 8 bulan','Non Eselon','Non Eselon','Non Eselon','0000-00-00',NULL,'A5EB03E21D0AF6A0E040640A040252AD','BANJARMASIN','','','','','4','Belum Kawin',0,'0000-00-00','HARMAWAN EKO SUDARYANTO',NULL,NULL,'682/TPK/ML/NARKOBA/2013','0000-00-00','SKCK/YANMAS/0029/I/2014/SATIN TELKAM','0000-00-00','-','-','0000-00-00','70.461.751.3-732.000','0000-00-00','0001433046993','0001433046993',NULL,'01/SPMT/KEPEG/KR.VIII/2014',NULL,NULL,NULL,'A5EB03E21D0AF6A0E040640A040252AD','BANJARMASIN','Penata Muda Tingkat I','0000-00-00','00006636/DIKLAT PRAJABATAN III/088/3201/LAN/2014','UP.3/2/2014','UP.33/2/2015','PT',NULL),
('EF1040F0D2090824E040640A02025771','198801292014021001',NULL,'MQ BAGUS SETYAWAN',NULL,'S.AP','SRAGEN','A5EB03E21FEEF6A0E040640A040252AD','0000-00-00','Islam',1,'mqbagussetyawan@gmail.com','3314132901880001','DK. BOGOREJO RT.020/3 GEMOLONG KAB. SRAGEN','085728767074','-','01','PNS Pusat yang bekerja pada Departemen/Lembaga','01','Aktif','PNS','Pria','1','Kartu Tanda Penduduk','3314132901880001','B 08000146','40','S-1/Sarjana','8ae4828752202e5801522fa681350be2','S-1 ILMU ADMINISTRASI NEGARA','0000-00-00','0000-00-00','0000-00-00','0000-00-00','0000-00-00',NULL,'A5EB03E23B00F6A0E040640A040252AD','Badan Kepegawaian Negara','A5EB03E24348F6A0E040640A040252AD','Kantor Regional VIII BKN','08','Kantor Regional VIII BKN','A5EB03E23B00F6A0E040640A040252AD','Badan Kepegawaian Negara','4011','A5EB03E24348F6A0E040640A040252AD','Kantor Regional VIII BKN','A8ACA73A52083912E040640A040269BB','SEKSI PENGELOLAAN ARSIP KEPEGAWAIAN INSTANSI VERTIKAL DAN PROVINSI','A8ACA73A51E83912E040640A040269BB','KANTOR REGIONAL VIII BKN','2','FUNGSIONAL_TERTENTU','Arsiparis Pelaksana / Terampil',NULL,NULL,'A5EB03E23FA5F6A0E040640A040252AD','Arsiparis Pelaksana / Terampil',NULL,NULL,'0000-00-00','A5EB03E21FFEF6A0E040640A040252AD','BANJARMASIN',23,'II/c',24,'II/d','0000-00-00','06/SPMT/KEPEG/KR.VIII/2014',7,2,'7 tahun 2 bulan','Non Eselon','Non Eselon','Non Eselon','0000-00-00',NULL,'A5EB03E21D0AF6A0E040640A040252AD','BANJARMASIN','','','','','1','Menikah',0,'0000-00-00','035/RSUD/GML/XII/2013',NULL,NULL,'441/69/116/2013','0000-00-00','SKCK/YAN.2.3/7.997/VIII/2013/INTELKAM','0000-00-00','3008/1988','-','0000-00-00','70.468.457.0-732.000','0000-00-00','0001433055183','0001433055183',NULL,'06/SPMT/KEPEG/KR.VIII/2014',NULL,NULL,NULL,'A5EB03E21D0AF6A0E040640A040252AD','BANJARMASIN','Pengatur Tingkat I','0000-00-00','00007249/DIKLAT PRAJABATAN II/088/3201/LAN/2014','UP.3/2/2014','UP.33/2/2015','TR',NULL),
('EF1040F0D23B0824E040640A02025771','198708082014022003',NULL,'AULIA GALUH KIRANA',NULL,'SH','BANJARMASIN','A5EB03E21FFEF6A0E040640A040252AD','0000-00-00','Islam',1,'galuhkiranabkn@gmail.com','6371024808870010','JL. SABADRA NO.26 RT.15 A.YANI KM 3,5, BANJARMASIN','081348882588','-','01','PNS Pusat yang bekerja pada Departemen/Lembaga','01','Aktif','PNS','Wanita','1','Kartu Tanda Penduduk','6371024808870010','B 08000141','40','S-1/Sarjana','ff8080815123bf7a0151334af571596a','S-1 ILMU HUKUM','0000-00-00','0000-00-00','0000-00-00','0000-00-00','0000-00-00',NULL,'A5EB03E23B00F6A0E040640A040252AD','Badan Kepegawaian Negara','A5EB03E24348F6A0E040640A040252AD','Kantor Regional VIII BKN','08','Kantor Regional VIII BKN','A5EB03E23B00F6A0E040640A040252AD','Badan Kepegawaian Negara','4011','A5EB03E24348F6A0E040640A040252AD','Kantor Regional VIII BKN','8ae483a57224a634017259ddd7410955','Seksi Supervisi Kepegawaian Kantor Regional VIII BKN Banjarmasin','8ae483a57224a634017259ddd73f093e','Kantor Regional VIII BKN Banjarmasin','1','STRUKTURAL','Kepala Seksi Supervisi Kepegawaian Kantor Regional VIII BKN Banjarmasin','8ae483a57224a634017259ddd7410955','Kepala Seksi Supervisi Kepegawaian Kantor Regional VIII BKN Banjarmasin',NULL,NULL,NULL,NULL,'0000-00-00','A5EB03E21FFEF6A0E040640A040252AD','BANJARMASIN',31,'III/a',32,'III/b','0000-00-00','02/SPMT/KEPEG/KR.VIII/2014',7,7,'7 tahun 7 bulan','IV.a','41','4','0000-00-00',NULL,'A5EB03E21D0AF6A0E040640A040252AD','BANJARMASIN','','','','','1','Menikah',0,'0000-00-00','012/7795U-MCU/RSUU',NULL,NULL,'812/125N-MCU/RSUU','0000-00-00','SKCK/YANMAS/13511/XII/2013/INTELKAM','0000-00-00','1848/UM/1987','-','0000-00-00','16.638.221.8-731.000','0000-00-00','0001433054092,0001433054226','0001433054092',NULL,'02/SPMT/KEPEG/KR.VIII/2014',NULL,NULL,NULL,'A5EB03E21D0AF6A0E040640A040252AD','BANJARMASIN','Penata Muda Tingkat I','0000-00-00','00006610/DIKLATPRAJAB III/088/3201/LAN/2014','UP.3/2/2014','UP.33/2/2015',NULL,'JABATAN PENGAWAS'),
('EF1040F0D25D0824E040640A02025771','198905192014022005',NULL,'ULFA LUTHFIANA',NULL,'S.AP','BANJARMASIN','A5EB03E21FFEF6A0E040640A040252AD','0000-00-00','Islam',1,'ufa_l@yahoo.com','6371025905890002','JL.PADAT KARYA KOMP. PURNAMA PERMAI II NO 279 BANJARMASIN','081953544644',NULL,'01','PNS Pusat yang bekerja pada Departemen/Lembaga','01','Aktif','PNS','Wanita','1','Kartu Tanda Penduduk','6371025905890002','B 08000147','40','S-1/Sarjana','A5EB03E21A60F6A0E040640A040252AD','S-1 ILMU ADMINISTRASI PUBLIK','0000-00-00','0000-00-00','0000-00-00','0000-00-00','0000-00-00',NULL,'A5EB03E23B00F6A0E040640A040252AD','Badan Kepegawaian Negara','A5EB03E24348F6A0E040640A040252AD','Kantor Regional VIII BKN','08','Kantor Regional VIII BKN','A5EB03E23B00F6A0E040640A040252AD','Badan Kepegawaian Negara','4011','A5EB03E24348F6A0E040640A040252AD','Kantor Regional VIII BKN','8ae483a57224a634017259ddd7400944','Seksi Verifikasi dan Pelaporan Mutasi dan Status Kepegawaian Kantor Regional VIII BKN Banjarmasin','8ae483a57224a634017259ddd73f093e','Kantor Regional VIII BKN Banjarmasin','2','FUNGSIONAL_TERTENTU','Arsiparis Pelaksana / Terampil',NULL,NULL,'A5EB03E23FA5F6A0E040640A040252AD','Arsiparis Pelaksana / Terampil',NULL,NULL,'0000-00-00','A5EB03E21FFEF6A0E040640A040252AD','BANJARMASIN',23,'II/c',24,'II/d','0000-00-00','05/SPMT/KEPEG/KR.VIII/2014',12,1,'12 tahun 1 bulan','Non Eselon','Non Eselon','Non Eselon','0000-00-00',NULL,'A5EB03E21D0AF6A0E040640A040252AD','BANJARMASIN','','','','','1','Menikah',0,'0000-00-00','445/9827-IPF.2/RS.AS',NULL,NULL,'445/9828/IPF.2/RS.AS','0000-00-00','SKCK/YANMAS/10905/IX/2013/INTELKAM','0000-00-00','1247/UM/1989','-','0000-00-00','87.404.986.9-731.000','0000-00-00','0000206415202','0000206415202',NULL,'05/SPMT/KEPEG/KR.VIII/2014',NULL,NULL,NULL,'A5EB03E21D0AF6A0E040640A040252AD','BANJARMASIN','Pengatur Tingkat I','0000-00-00','00007228/DIKLATPRAJAB II/088/3201/LAN/2014','UP.3/2/2014','UP.33/2/2015','TR',NULL),
('EF1040F0D6EB0824E040640A02025771','198403132014022003',NULL,'DEWI MEGA INDAH',NULL,'S.AP','TEMANGGUNG','A5EB03E21FE7F6A0E040640A040252AD','0000-00-00','Islam',1,'dmegaindah@gmail.com','3175025303840011','CIPINANG KEBEMBEM RT.07/07 KEL. CIPINANG, JAKARTA','081380961788',NULL,'01','PNS Pusat yang bekerja pada Departemen/Lembaga','01','Aktif','PNS','Wanita','1','Kartu Tanda Penduduk','3175025303840011','B 08000149','40','S-1/Sarjana','8ae4828752202e5801522fa681350be2','S-1 ILMU ADMINISTRASI NEGARA','0000-00-00','0000-00-00','0000-00-00','0000-00-00','0000-00-00',NULL,'A5EB03E23B00F6A0E040640A040252AD','Badan Kepegawaian Negara','A5EB03E24348F6A0E040640A040252AD','Kantor Regional VIII BKN','08','Kantor Regional VIII BKN','A5EB03E23B00F6A0E040640A040252AD','Badan Kepegawaian Negara','4011','A5EB03E24348F6A0E040640A040252AD','Kantor Regional VIII BKN','A8ACA73A51F03912E040640A040269BB','SUBBAGIAN UMUM','A8ACA73A51E83912E040640A040269BB','KANTOR REGIONAL VIII BKN','4','FUNGSIONAL_UMUM','PENGADMINISTRASI BARANG',NULL,NULL,NULL,NULL,'A418D76E076AB891E040640A04021940','PENGADMINISTRASI BARANG','0000-00-00','A5EB03E21FFEF6A0E040640A040252AD','BANJARMASIN',23,'II/c',31,'III/a','0000-00-00','08/SPMT/KEPEG/KR.VIII/2014',4,2,'4 tahun 2 bulan','Non Eselon','Non Eselon','Non Eselon','0000-00-00',NULL,'A5EB03E21D0AF6A0E040640A040252AD','BANJARMASIN','','','','','1','Menikah',0,'0000-00-00','95/MCU/RST/I/2014',NULL,NULL,'96MCU/RST/I/2014','0000-00-00','SKCK/YANMAS/1777/I/2014/RES JAKTIM','0000-00-00','-','-','0000-00-00','68.067.656.6-003.000','0000-00-00','0001433048567','0001433048567',NULL,'08/SPMT/KEPEG/KR.VIII/2014',NULL,NULL,NULL,'A5EB03E21D0AF6A0E040640A040252AD','BANJARMASIN','Penata Muda','0000-00-00','00007238/DIKLAT PRAJABATAN II/088/3201/LAN/2014','UP.3/2/2014','UP.33/2/2015',NULL,NULL),
('EF1040F0D7190824E040640A02025771','199011282014021002',NULL,'RIAN CAHYA PRATAMA',NULL,'S.AP','JAKARTA','ff80808133b129d80133b4ab22e90ecc','0000-00-00','Islam',1,'rian_pratama_28@yahoo.co.id','3175062811900002','JL. KARANG TARUNA RT. 003/009 CAKUNG TIMUR JAKARTA TIMUR','081294677928',NULL,'01','PNS Pusat yang bekerja pada Departemen/Lembaga','01','Aktif','PNS','Pria','1','Kartu Tanda Penduduk','3175062811900002','B 08000148','40','S-1/Sarjana','8ae4828752202e5801522fa681350be2','S-1 ILMU ADMINISTRASI NEGARA','0000-00-00','0000-00-00','0000-00-00','0000-00-00','0000-00-00',NULL,'A5EB03E23B00F6A0E040640A040252AD','Badan Kepegawaian Negara','A5EB03E24348F6A0E040640A040252AD','Kantor Regional VIII BKN','08','Kantor Regional VIII BKN','A5EB03E23B00F6A0E040640A040252AD','Badan Kepegawaian Negara','4011','A5EB03E24348F6A0E040640A040252AD','Kantor Regional VIII BKN','A8ACA73A51F03912E040640A040269BB','SUBBAGIAN UMUM','A8ACA73A51E83912E040640A040269BB','KANTOR REGIONAL VIII BKN','4','FUNGSIONAL_UMUM','PRANATA BARANG DAN JASA',NULL,NULL,NULL,NULL,'ff8080814732dfc70147384662191c97','PRANATA BARANG DAN JASA','0000-00-00','A5EB03E21FFEF6A0E040640A040252AD','BANJARMASIN',23,'II/c',31,'III/a','0000-00-00','07/SPMT/KEPEG/KR.VIII/2014',4,2,'4 tahun 2 bulan','Non Eselon','Non Eselon','Non Eselon','0000-00-00',NULL,'A5EB03E21D0AF6A0E040640A040252AD','BANJARMASIN','','','','','1','Menikah',0,'0000-00-00','91/SKKES/CT/IX/2013',NULL,NULL,'137/SBN/RSP/XII/2013','0000-00-00','SKCK/YANMAS/327/I/2014/DIR INTELKAM','0000-00-00','-','-','0000-00-00','54.150.867.7-006.000','0000-00-00','0001433052538','0001433052538',NULL,'07/SPMT/KEPEG/KR.VIII/2014',NULL,NULL,NULL,'A5EB03E21D0AF6A0E040640A040252AD','BANJARMASIN','Penata Muda','0000-00-00','00007224/DIKLATPRAJABATAN II/088/3201/LAN/2014','UP.3/2/2014','UP.33/2/2015',NULL,NULL);

/*Table structure for table `tabel_prov` */

DROP TABLE IF EXISTS `tabel_prov`;

CREATE TABLE `tabel_prov` (
  `id_prov` varchar(50) NOT NULL,
  `nama_prov` varchar(50) DEFAULT NULL,
  PRIMARY KEY (`id_prov`)
) ENGINE=InnoDB DEFAULT CHARSET=latin1;

/*Data for the table `tabel_prov` */

insert  into `tabel_prov`(`id_prov`,`nama_prov`) values 
('11','D.I. Aceh'),
('12','Sumatera Utara'),
('13','Sumatera Barat'),
('14','Riau'),
('15','Jambi'),
('16','Sumatera Selatan'),
('17','Bengkulu'),
('18','Lampung'),
('19','Kep. Bangka Belitung'),
('21','Kep. Riau'),
('31','D.K.I. Jakarta'),
('32','Jawa Barat'),
('33','Jawa Tengah'),
('34','D.I. Yogyakarta'),
('35','Jawa Timur'),
('36','Banten'),
('51','Bali'),
('52','Nusa Tenggara Barat'),
('53','Nusa Tenggara Timur'),
('61','Kalimantan Barat'),
('62','Kalimantan Tengah'),
('63','Kalimantan Selatan'),
('64','Kalimantan Timur'),
('65','Kalimantan Utara'),
('71','Sulawesi Utara'),
('72','Sulawesi Tengah'),
('73','Sulawesi Selatan'),
('74','Sulawesi Tenggara'),
('75','Gorontalo'),
('76','Sulawesi Barat'),
('81','Maluku'),
('82','Maluku Utara'),
('91','Papua'),
('92','Papua Barat');

/*Table structure for table `tabel_sbm` */

DROP TABLE IF EXISTS `tabel_sbm`;

CREATE TABLE `tabel_sbm` (
  `id_prov` varchar(45) NOT NULL,
  `tahun` year(4) NOT NULL,
  `kode_sbm` bigint(20) DEFAULT NULL,
  `sbm` int(3) NOT NULL,
  PRIMARY KEY (`id_prov`,`tahun`,`sbm`),
  KEY `fk2_kode_sbu_idx` (`sbm`),
  CONSTRAINT `fk2_id_prov` FOREIGN KEY (`id_prov`) REFERENCES `tabel_prov` (`id_prov`) ON DELETE CASCADE ON UPDATE CASCADE,
  CONSTRAINT `fk2_kode_sbu` FOREIGN KEY (`sbm`) REFERENCES `tabel_sbm_detail` (`kode_sbm`) ON DELETE CASCADE ON UPDATE CASCADE
) ENGINE=InnoDB DEFAULT CHARSET=latin1;

/*Data for the table `tabel_sbm` */

insert  into `tabel_sbm`(`id_prov`,`tahun`,`kode_sbm`,`sbm`) values 
('11',2021,3,110000),
('11',2021,2,140000),
('11',2021,1,360000),
('11',2021,40,556000),
('11',2021,30,1294000),
('11',2021,20,3526000),
('11',2021,10,4420000),
('12',2021,3,110000),
('12',2021,2,150000),
('12',2021,1,370000),
('12',2021,40,530000),
('12',2021,30,1100000),
('12',2021,20,1518000),
('12',2021,10,4960000),
('13',2021,3,110000),
('13',2021,2,150000),
('13',2021,1,380000),
('13',2021,40,650000),
('13',2021,30,1353000),
('13',2021,20,3332000),
('13',2021,10,5236000),
('14',2021,3,110000),
('14',2021,2,150000),
('14',2021,1,370000),
('14',2021,40,852000),
('14',2021,30,1650000),
('14',2021,20,3119000),
('14',2021,10,3820000),
('15',2021,3,110000),
('15',2021,2,150000),
('15',2021,1,370000),
('15',2021,40,580000),
('15',2021,30,1212000),
('15',2021,20,3337000),
('15',2021,10,4000000),
('16',2021,3,110000),
('16',2021,2,150000),
('16',2021,1,380000),
('16',2021,40,861000),
('16',2021,30,1571000),
('16',2021,20,3083000),
('16',2021,10,5850000),
('17',2021,3,110000),
('17',2021,2,150000),
('17',2021,1,380000),
('17',2021,40,630000),
('17',2021,30,1546000),
('17',2021,20,1628000),
('17',2021,10,2140000),
('18',2021,3,110000),
('18',2021,2,150000),
('18',2021,1,380000),
('18',2021,40,580000),
('18',2021,30,1140000),
('18',2021,20,2067000),
('18',2021,10,4491000),
('19',2021,3,120000),
('19',2021,2,160000),
('19',2021,1,410000),
('19',2021,40,622000),
('19',2021,30,1957000),
('19',2021,20,2838000),
('19',2021,10,3827000),
('21',2021,3,110000),
('21',2021,2,150000),
('21',2021,1,370000),
('21',2021,40,792000),
('21',2021,30,1037000),
('21',2021,20,1854000),
('21',2021,10,4275000),
('31',2021,3,160000),
('31',2021,2,210000),
('31',2021,1,530000),
('31',2021,40,730000),
('31',2021,30,992000),
('31',2021,20,1788000),
('31',2021,10,8720000),
('32',2021,3,130000),
('32',2021,2,170000),
('32',2021,1,430000),
('32',2021,40,570000),
('32',2021,30,1201000),
('32',2021,20,2755000),
('32',2021,10,5381000),
('33',2021,3,110000),
('33',2021,2,150000),
('33',2021,1,370000),
('33',2021,40,600000),
('33',2021,30,954000),
('33',2021,20,1480000),
('33',2021,10,4242000),
('34',2021,3,130000),
('34',2021,2,170000),
('34',2021,1,420000),
('34',2021,40,845000),
('34',2021,30,1384000),
('34',2021,20,2695000),
('34',2021,10,5017000),
('35',2021,3,120000),
('35',2021,2,160000),
('35',2021,1,410000),
('35',2021,40,664000),
('35',2021,30,1076000),
('35',2021,20,1605000),
('35',2021,10,4400000),
('36',2021,3,110000),
('36',2021,2,150000),
('36',2021,1,370000),
('36',2021,40,718000),
('36',2021,30,1000000),
('36',2021,20,2373000),
('36',2021,10,5725000),
('51',2021,3,140000),
('51',2021,2,190000),
('51',2021,1,480000),
('51',2021,40,910000),
('51',2021,30,1078000),
('51',2021,20,1946000),
('51',2021,10,4890000),
('52',2021,3,130000),
('52',2021,2,180000),
('52',2021,1,440000),
('52',2021,40,580000),
('52',2021,30,1418000),
('52',2021,20,2648000),
('52',2021,10,3500000),
('53',2021,3,130000),
('53',2021,2,170000),
('53',2021,1,430000),
('53',2021,40,550000),
('53',2021,30,1355000),
('53',2021,20,1706000),
('53',2021,10,3000000),
('61',2021,3,110000),
('61',2021,2,150000),
('61',2021,1,380000),
('61',2021,40,538000),
('61',2021,30,1125000),
('61',2021,20,1538000),
('61',2021,10,2654000),
('62',2021,3,110000),
('62',2021,2,140000),
('62',2021,1,360000),
('62',2021,40,659000),
('62',2021,30,1160000),
('62',2021,20,3391000),
('62',2021,10,4901000),
('63',2021,3,110000),
('63',2021,2,150000),
('63',2021,1,380000),
('63',2021,40,648000),
('63',2021,30,1500000),
('63',2021,20,3316000),
('63',2021,10,4797000),
('64',2021,3,130000),
('64',2021,2,170000),
('64',2021,1,430000),
('64',2021,40,804000),
('64',2021,30,1507000),
('64',2021,20,2188000),
('64',2021,10,4000000),
('65',2021,3,130000),
('65',2021,2,170000),
('65',2021,1,430000),
('65',2021,40,804000),
('65',2021,30,1507000),
('65',2021,20,2188000),
('65',2021,10,4000000),
('71',2021,3,110000),
('71',2021,2,150000),
('71',2021,1,370000),
('71',2021,40,782000),
('71',2021,30,1034000),
('71',2021,20,2290000),
('71',2021,10,4919000),
('72',2021,3,110000),
('72',2021,2,150000),
('72',2021,1,370000),
('72',2021,40,951000),
('72',2021,30,1567000),
('72',2021,20,2027000),
('72',2021,10,2309000),
('73',2021,3,130000),
('73',2021,2,170000),
('73',2021,1,430000),
('73',2021,40,732000),
('73',2021,30,1138000),
('73',2021,20,1550000),
('73',2021,10,4820000),
('74',2021,3,110000),
('74',2021,2,150000),
('74',2021,1,380000),
('74',2021,40,786000),
('74',2021,30,1297000),
('74',2021,20,2059000),
('74',2021,10,2475000),
('75',2021,3,110000),
('75',2021,2,150000),
('75',2021,1,370000),
('75',2021,40,764000),
('75',2021,30,1586000),
('75',2021,20,2549000),
('75',2021,10,4168000),
('76',2021,3,120000),
('76',2021,2,160000),
('76',2021,1,410000),
('76',2021,40,704000),
('76',2021,30,1075000),
('76',2021,20,3098000),
('76',2021,10,4076000),
('81',2021,3,110000),
('81',2021,2,150000),
('81',2021,1,380000),
('81',2021,40,667000),
('81',2021,30,1048000),
('81',2021,20,3240000),
('81',2021,10,3467000),
('82',2021,3,130000),
('82',2021,2,170000),
('82',2021,1,430000),
('82',2021,40,600000),
('82',2021,30,1073000),
('82',2021,20,3175000),
('82',2021,10,3440000),
('91',2021,3,170000),
('91',2021,2,230000),
('91',2021,1,580000),
('91',2021,40,829000),
('91',2021,30,2521000),
('91',2021,20,3318000),
('91',2021,10,3859000),
('92',2021,3,140000),
('92',2021,2,190000),
('92',2021,1,480000),
('92',2021,40,718000),
('92',2021,30,2056000),
('92',2021,20,3212000),
('92',2021,10,3872000);

/*Table structure for table `tabel_sbm_detail` */

DROP TABLE IF EXISTS `tabel_sbm_detail`;

CREATE TABLE `tabel_sbm_detail` (
  `kode_sbm` int(3) NOT NULL,
  `detail` varchar(100) DEFAULT NULL,
  PRIMARY KEY (`kode_sbm`)
) ENGINE=InnoDB DEFAULT CHARSET=latin1;

/*Data for the table `tabel_sbm_detail` */

insert  into `tabel_sbm_detail`(`kode_sbm`,`detail`) values 
(1,'Uang Harian'),
(2,'Lebih dari 8 Jam'),
(3,'Diklat'),
(10,'Hotel Pejabat Negara/ Pejabat Eselon I'),
(20,'Hotel Pejabat Negara Lainnya/ Pejabat Eselon II'),
(30,'Hotel Pejabat Eselon III/ Golongan IV'),
(40,'Hotel Pejabat Eselon IV/ Golongan III/ II/ I');

/*!40101 SET SQL_MODE=@OLD_SQL_MODE */;
/*!40014 SET FOREIGN_KEY_CHECKS=@OLD_FOREIGN_KEY_CHECKS */;
/*!40014 SET UNIQUE_CHECKS=@OLD_UNIQUE_CHECKS */;
/*!40111 SET SQL_NOTES=@OLD_SQL_NOTES */;
